time(s),Lead_I
0.0000,0.16734727
0.0020,-0.02524952
0.0040,-0.28080788
0.0060,-0.17378278
0.0080,-0.30308083
0.0100,-0.07585744
0.0120,-0.13068350
0.0140,-0.06765458
0.0160,0.18057148
0.0180,0.22975495
0.0200,0.37996623
0.0220,0.08627088
0.0240,-0.05335019
0.0260,0.00972297
0.0280,0.00671982
0.0300,0.02766368
0.0320,-0.03003323
0.0340,-0.14468402
0.0360,0.12559228
0.0380,-0.44799435
0.0400,-0.15760350
0.0420,-0.04600052
0.0440,-0.14727978
0.0460,-0.22375824
0.0480,-0.38114271
0.0500,-0.12094976
0.0520,-0.20064917
0.0540,0.11014426
0.0560,-0.08648216
0.0580,-0.00582430
0.0600,0.02697182
0.0620,-0.03252316
0.0640,0.09396544
0.0660,0.38315040
0.0680,0.11000076
0.0700,-0.16246872
0.0720,-0.00747898
0.0740,0.10346629
0.0760,-0.00808128
0.0780,-0.18576618
0.0800,-0.02953957
0.0820,-0.18367200
0.0840,-0.09389669
0.0860,0.05324696
0.0880,-0.01952946
0.0900,-0.11397608
0.0920,0.11152732
0.0940,-0.02997082
0.0960,-0.02755045
0.0980,-0.19445667
0.1000,-0.10362329
0.1020,0.24923550
0.1040,-0.19714281
0.1060,-0.07283607
0.1080,-0.11418433
0.1100,0.02366478
0.1120,-0.21296735
0.1140,0.18981037
0.1160,-0.03123168
0.1180,0.09455679
0.1200,0.01330802
0.1220,0.55204147
0.1240,0.08175648
0.1260,-0.15739712
0.1280,-0.15383226
0.1300,0.21522205
0.1320,-0.11386071
0.1340,0.12583496
0.1360,0.09264711
0.1380,0.18608160
0.1400,0.28923321
0.1420,0.14675246
0.1440,0.07012160
0.1460,0.05221361
0.1480,0.13288194
0.1500,0.26522231
0.1520,0.06824476
0.1540,-0.02985490
0.1560,-0.27524161
0.1580,0.17930648
0.1600,-0.20556517
0.1620,0.49882373
0.1640,-0.06051518
0.1660,-0.05516428
0.1680,-0.27869150
0.1700,-0.10432161
0.1720,-0.29009280
0.1740,-0.03496970
0.1760,0.02896151
0.1780,0.00275324
0.1800,-0.08826190
0.1820,0.04815059
0.1840,-0.08885132
0.1860,-0.11713374
0.1880,0.02782005
0.1900,0.01668219
0.1920,-0.02097923
0.1940,-0.11503858
0.1960,0.07076927
0.1980,-0.02155226
0.2000,-0.02021454
0.2020,-0.18027963
0.2040,0.17271031
0.2060,0.02159948
0.2080,-0.02012496
0.2100,-0.04841509
0.2120,0.05740934
0.2140,-0.09760826
0.2160,0.02917942
0.2180,-0.34999663
0.2200,0.28080904
0.2220,0.19768485
0.2240,0.02268983
0.2260,0.19390318
0.2280,-0.12817329
0.2300,-0.10264655
0.2320,-0.01169483
0.2340,-0.15570313
0.2360,-0.22452295
0.2380,-0.11789606
0.2400,0.07396286
0.2420,-0.19062386
0.2440,0.08170375
0.2460,0.08786264
0.2480,0.18538646
0.2500,-0.01505653
0.2520,0.06804635
0.2540,0.02015501
0.2560,-0.00981269
0.2580,-0.41224837
0.2600,0.05174820
0.2620,0.15054253
0.2640,-0.02511107
0.2660,-0.00218993
0.2680,-0.06098936
0.2700,-0.06323233
0.2720,0.22242974
0.2740,-0.03363710
0.2760,0.05463967
0.2780,0.11022969
0.2800,-0.03154705
0.2820,-0.00743977
0.2840,0.09524260
0.2860,-0.12754995
0.2880,-0.18215033
0.2900,0.04086843
0.2920,0.02865947
0.2940,0.05993206
0.2960,-0.26818496
0.2980,0.30857453
0.3000,0.13488206
0.3020,-0.00600247
0.3040,0.06631058
0.3060,0.01906689
0.3080,-0.28630450
0.3100,-0.23014422
0.3120,-0.11783971
0.3140,0.20667075
0.3160,-0.08668104
0.3180,-0.10979865
0.3200,-0.14216168
0.3220,-0.00134071
0.3240,-0.17235021
0.3260,0.03505928
0.3280,0.20956175
0.3300,0.13153401
0.3320,0.31532639
0.3340,-0.32346883
0.3360,0.10438792
0.3380,-0.12142348
0.3400,0.06787179
0.3420,-0.00586921
0.3440,-0.01305078
0.3460,0.07294200
0.3480,0.14404337
0.3500,0.08609866
0.3520,-0.23960915
0.3540,-0.21169822
0.3560,0.03913499
0.3580,0.20019564
0.3600,0.25764403
0.3620,-0.01918079
0.3640,0.09459183
0.3660,0.25217840
0.3680,0.07886809
0.3700,0.01686676
0.3720,0.29762056
0.3740,0.30786213
0.3760,0.15878095
0.3780,-0.08955753
0.3800,0.21535410
0.3820,-0.09729558
0.3840,0.03918299
0.3860,0.03645982
0.3880,-0.04599077
0.3900,0.06690329
0.3920,-0.30045551
0.3940,-0.21859643
0.3960,-0.03423892
0.3980,-0.29705882
0.4000,-0.29571146
0.4020,-0.24878512
0.4040,-0.04244667
0.4060,0.23661493
0.4080,-0.23696131
0.4100,0.25961465
0.4120,0.13893417
0.4140,0.23751362
0.4160,0.01336823
0.4180,0.02042767
0.4200,-0.01013620
0.4220,-0.26327977
0.4240,0.15913799
0.4260,-0.27046549
0.4280,-0.42065522
0.4300,-0.23767979
0.4320,-0.14453425
0.4340,-0.47009027
0.4360,0.23153183
0.4380,0.23012225
0.4400,0.08966017
0.4420,-0.11778200
0.4440,0.09470417
0.4460,-0.03162650
0.4480,-0.03485284
0.4500,0.10489529
0.4520,-0.24381649
0.4540,0.19952622
0.4560,0.07330290
0.4580,0.13273342
0.4600,0.16400784
0.4620,-0.15437515
0.4640,-0.06288879
0.4660,0.04137135
0.4680,0.11888856
0.4700,0.04271202
0.4720,0.03472199
0.4740,0.30885401
0.4760,0.02698670
0.4780,0.09136582
0.4800,-0.04703004
0.4820,0.04311076
0.4840,-0.18796164
0.4860,-0.14379564
0.4880,0.10824296
0.4900,-0.01970617
0.4920,0.08538449
0.4940,-0.06255910
0.4960,0.10937806
0.4980,-0.02033616
0.5000,-0.06468879
0.5020,-0.19088322
0.5040,-0.25161418
0.5060,0.10848858
0.5080,0.07419626
0.5100,0.33239076
0.5120,-0.16140646
0.5140,0.05495404
0.5160,-0.10101848
0.5180,0.09769519
0.5200,-0.07542957
0.5220,-0.06674205
0.5240,0.07718586
0.5260,-0.28033340
0.5280,0.28196234
0.5300,0.25713947
0.5320,-0.06416870
0.5340,0.23208857
0.5360,0.07358029
0.5380,-0.05857210
0.5400,0.08306671
0.5420,0.24670833
0.5440,0.20958202
0.5460,0.13137767
0.5480,0.09233651
0.5500,-0.05322723
0.5520,0.18087216
0.5540,0.10890713
0.5560,-0.03547963
0.5580,0.16074871
0.5600,0.12928672
0.5620,0.26219392
0.5640,-0.13430078
0.5660,0.10326470
0.5680,-0.29825914
0.5700,0.03305136
0.5720,-0.13389073
0.5740,-0.24371575
0.5760,0.05378712
0.5780,-0.15760306
0.5800,-0.15353505
0.5820,-0.05807861
0.5840,0.02481106
0.5860,0.11320975
0.5880,0.02472742
0.5900,0.21312512
0.5920,-0.13083491
0.5940,-0.10563193
0.5960,-0.10952264
0.5980,0.05021664
0.6000,-0.04781882
0.6020,0.01180530
0.6040,0.03095494
0.6060,-0.18912256
0.6080,-0.21856973
0.6100,-0.00753262
0.6120,0.01268469
0.6140,0.12583011
0.6160,0.05000602
0.6180,-0.05354147
0.6200,0.15967487
0.6220,-0.33140194
0.6240,-0.06368525
0.6260,-0.21191207
0.6280,0.13865562
0.6300,-0.08483824
0.6320,0.06417280
0.6340,-0.05740556
0.6360,-0.03625847
0.6380,0.26459545
0.6400,-0.30916566
0.6420,0.23701580
0.6440,0.13056062
0.6460,0.18476839
0.6480,-0.08181585
0.6500,0.12944931
0.6520,-0.07058935
0.6540,-0.16176182
0.6560,0.03858548
0.6580,-0.12103494
0.6600,-0.07354267
0.6620,-0.05742647
0.6640,-0.05167780
0.6660,-0.34518644
0.6680,-0.27787212
0.6700,-0.09742603
0.6720,-0.04305304
0.6740,-0.10573501
0.6760,0.08626991
0.6780,0.04781860
0.6800,-0.00432718
0.6820,-0.18614589
0.6840,-0.12362516
0.6860,-0.17950697
0.6880,-0.12837908
0.6900,-0.00091701
0.6920,-0.11282983
0.6940,0.05233849
0.6960,-0.32013088
0.6980,-0.13967924
0.7000,-0.21761547
0.7020,-0.03346885
0.7040,0.21200867
0.7060,-0.08703552
0.7080,0.30018735
0.7100,-0.28581336
0.7120,-0.07770024
0.7140,-0.09703842
0.7160,0.03495141
0.7180,-0.13116542
0.7200,-0.14058886
0.7220,-0.28716251
0.7240,-0.05179576
0.7260,0.02347903
0.7280,-0.00592174
0.7300,-0.06496006
0.7320,-0.06067349
0.7340,0.13546763
0.7360,-0.10977753
0.7380,0.01219392
0.7400,0.00074847
0.7420,-0.05791975
0.7440,-0.05777795
0.7460,-0.11786909
0.7480,-0.01012116
0.7500,-0.16183200
0.7520,0.03864435
0.7540,0.11757433
0.7560,-0.05650799
0.7580,0.16928418
0.7600,-0.18332227
0.7620,-0.03552476
0.7640,0.11266561
0.7660,0.03824098
0.7680,0.13815425
0.7700,-0.27665764
0.7720,0.06694113
0.7740,-0.18988763
0.7760,0.10612113
0.7780,0.01957430
0.7800,-0.04128627
0.7820,-0.14982308
0.7840,-0.10424538
0.7860,0.00587420
0.7880,0.05195292
0.7900,-0.06157528
0.7920,-0.13062152
0.7940,-0.05799424
0.7960,0.10114941
0.7980,0.14865942
0.8000,-0.28792727
0.8020,0.27868074
0.8040,0.08493391
0.8060,-0.13548505
0.8080,-0.06921834
0.8100,-0.11885760
0.8120,-0.08895665
0.8140,-0.05673167
0.8160,-0.12613875
0.8180,0.23101899
0.8200,0.13968284
0.8220,0.41118553
0.8240,-0.10473628
0.8260,0.11081629
0.8280,-0.13294153
0.8300,-0.08186775
0.8320,0.07490070
0.8340,0.12445159
0.8360,0.06908935
0.8380,0.15716445
0.8400,0.04050766
0.8420,-0.41913563
0.8440,-0.36915308
0.8460,-0.04911969
0.8480,-0.31410053
0.8500,-0.05023756
0.8520,-0.08439440
0.8540,0.26769820
0.8560,0.21507093
0.8580,-0.06591309
0.8600,0.14075625
0.8620,0.05962469
0.8640,-0.33831894
0.8660,0.22818038
0.8680,-0.10875259
0.8700,0.12258324
0.8720,0.06782392
0.8740,0.16595741
0.8760,-0.03239106
0.8780,0.35768825
0.8800,-0.30176091
0.8820,-0.08475448
0.8840,-0.00515361
0.8860,0.31299177
0.8880,0.06879028
0.8900,0.12194450
0.8920,-0.07887675
0.8940,-0.11078385
0.8960,-0.10467227
0.8980,0.07916284
0.9000,0.04278217
0.9020,-0.20257030
0.9040,-0.03847137
0.9060,-0.15416726
0.9080,-0.05029159
0.9100,-0.19027448
0.9120,0.18226355
0.9140,-0.23847719
0.9160,0.11420501
0.9180,-0.02750667
0.9200,-0.07990579
0.9220,-0.02426215
0.9240,0.08713385
0.9260,-0.11130395
0.9280,0.22979820
0.9300,-0.07736693
0.9320,0.33474576
0.9340,-0.16361408
0.9360,0.12386886
0.9380,-0.15683864
0.9400,-0.09184804
0.9420,-0.24282221
0.9440,0.05393667
0.9460,-0.23836134
0.9480,-0.35059658
0.9500,-0.29888010
0.9520,-0.31279144
0.9540,-0.25025290
0.9560,-0.13381554
0.9580,-0.14035797
0.9600,-0.21775769
0.9620,0.27320015
0.9640,-0.27860934
0.9660,0.17028357
0.9680,-0.17133613
0.9700,-0.24290068
0.9720,-0.19151387
0.9740,-0.06837785
0.9760,-0.02678649
0.9780,0.12104680
0.9800,0.16963030
0.9820,0.05548890
0.9840,-0.01668222
0.9860,0.07036840
0.9880,-0.18998633
0.9900,-0.03658750
0.9920,0.04688918
0.9940,0.16336966
0.9960,-0.24475662
0.9980,-0.02061056
1.0000,-0.05241793
1.0020,-0.14150703
1.0040,0.16000769
1.0060,0.21619509
1.0080,0.08352014
1.0100,0.07642015
1.0120,-0.09910449
1.0140,0.09406266
1.0160,-0.11293975
1.0180,0.01930531
1.0200,-0.18695492
1.0220,0.15975937
1.0240,0.43976688
1.0260,-0.20388128
1.0280,0.17043075
1.0300,-0.21168590
1.0320,0.05900904
1.0340,-0.08972133
1.0360,0.06822705
1.0380,-0.09161749
1.0400,0.22819151
1.0420,0.02421778
1.0440,0.15522572
1.0460,-0.38236314
1.0480,0.17680080
1.0500,-0.16212414
1.0520,-0.08839213
1.0540,-0.10347191
1.0560,0.18841523
1.0580,0.46731058
1.0600,-0.07838797
1.0620,0.09068360
1.0640,-0.13462195
1.0660,-0.01254277
1.0680,-0.22445279
1.0700,-0.23651253
1.0720,-0.05629627
1.0740,0.11721010
1.0760,0.03842548
1.0780,-0.10877070
1.0800,-0.26401889
1.0820,0.22005738
1.0840,-0.18303201
1.0860,-0.08024349
1.0880,-0.16451181
1.0900,0.49650970
1.0920,-0.18078256
1.0940,-0.18090451
1.0960,-0.01678574
1.0980,-0.00412385
1.1000,0.11498918
1.1020,-0.14014277
1.1040,-0.16081533
1.1060,-0.12894757
1.1080,0.12745085
1.1100,-0.14801441
1.1120,-0.06781539
1.1140,-0.00262817
1.1160,0.04258401
1.1180,-0.02922384
1.1200,-0.00993956
1.1220,0.12121893
1.1240,0.01600245
1.1260,-0.06039464
1.1280,-0.20624387
1.1300,-0.00677934
1.1320,0.03521143
1.1340,-0.08845904
1.1360,0.11201228
1.1380,-0.04359199
1.1400,0.19597322
1.1420,-0.16482906
1.1440,-0.19662154
1.1460,0.10714334
1.1480,0.06322628
1.1500,0.01050110
1.1520,0.17055449
1.1540,-0.10754099
1.1560,-0.08639433
1.1580,-0.02611763
1.1600,0.07988054
1.1620,0.20840925
1.1640,0.03187379
1.1660,-0.18568461
1.1680,-0.21929623
1.1700,0.14828117
1.1720,-0.00140751
1.1740,0.39784351
1.1760,0.15150389
1.1780,-0.12224831
1.1800,-0.17892255
1.1820,0.08808007
1.1840,-0.15593928
1.1860,-0.08883085
1.1880,0.08727958
1.1900,0.20925510
1.1920,-0.13003667
1.1940,0.18581483
1.1960,-0.01322866
1.1980,0.01700159
1.2000,-0.10728092
1.2020,0.12794018
1.2040,-0.12628953
1.2060,-0.13574420
1.2080,0.11904473
1.2100,-0.12777007
1.2120,0.24158791
1.2140,-0.14285459
1.2160,-0.05923910
1.2180,0.28550392
1.2200,0.17164408
1.2220,-0.06331734
1.2240,-0.05160247
1.2260,-0.17832969
1.2280,-0.37786359
1.2300,0.29004940
1.2320,-0.03376676
1.2340,0.25060248
1.2360,0.19117288
1.2380,0.39039084
1.2400,0.26757383
1.2420,0.56852257
1.2440,0.33317909
1.2460,-0.24794033
1.2480,-0.24249791
1.2500,0.21963996
1.2520,0.29734787
1.2540,-0.17189492
1.2560,-0.08078168
1.2580,-0.28195506
1.2600,-0.26034811
1.2620,-0.20981055
1.2640,-0.31704485
1.2660,-0.35226321
1.2680,-0.34405506
1.2700,-0.16255669
1.2720,-0.44201401
1.2740,0.18905811
1.2760,0.33878657
1.2780,-0.01745040
1.2800,0.46006000
1.2820,-0.13690807
1.2840,-0.01671703
1.2860,0.31870809
1.2880,0.22381245
1.2900,0.26468232
1.2920,0.30503958
1.2940,0.08127031
1.2960,0.17094997
1.2980,0.25116581
1.3000,0.43992996
1.3020,0.22991861
1.3040,0.04270836
1.3060,-0.39154431
1.3080,-0.47948450
1.3100,-0.10161822
1.3120,-0.25115344
1.3140,-0.22983266
1.3160,-0.18753228
1.3180,-0.34768847
1.3200,-0.13697964
1.3220,-0.00313130
1.3240,-0.25878802
1.3260,0.01779766
1.3280,-0.02588088
1.3300,-0.22760001
1.3320,-0.01910407
1.3340,0.10047559
1.3360,-0.07559198
1.3380,-0.44700256
1.3400,-0.04498509
1.3420,0.09839872
1.3440,-0.05188076
1.3460,-0.09203313
1.3480,-0.06418553
1.3500,0.31588203
1.3520,-0.30839163
1.3540,0.15068641
1.3560,0.10016022
1.3580,-0.15215074
1.3600,-0.04157922
1.3620,0.07407403
1.3640,-0.14244790
1.3660,-0.02453530
1.3680,-0.03962228
1.3700,0.04167438
1.3720,0.27016392
1.3740,0.11224963
1.3760,0.12931156
1.3780,0.02323318
1.3800,0.05723677
1.3820,-0.09918513
1.3840,-0.11949416
1.3860,0.07687466
1.3880,-0.33121926
1.3900,0.06278743
1.3920,-0.12648459
1.3940,0.05804521
1.3960,0.10312995
1.3980,-0.09730455
1.4000,0.06058644
1.4020,0.14983414
1.4040,0.00380454
1.4060,-0.05597225
1.4080,0.09627212
1.4100,-0.19897953
1.4120,0.06843826
1.4140,0.00584009
1.4160,0.09830605
1.4180,0.02648780
1.4200,-0.14982435
1.4220,0.06824385
1.4240,-0.09823836
1.4260,-0.06771329
1.4280,0.00979467
1.4300,0.10514282
1.4320,-0.08376785
1.4340,0.07167882
1.4360,-0.03859383
1.4380,0.13357301
1.4400,-0.24632168
1.4420,0.05132852
1.4440,0.13083841
1.4460,0.06110044
1.4480,-0.01797839
1.4500,0.06632484
1.4520,-0.09984949
1.4540,0.14755842
1.4560,-0.03100877
1.4580,-0.14095809
1.4600,0.25999057
1.4620,0.02722301
1.4640,0.03715350
1.4660,-0.05102457
1.4680,0.07521749
1.4700,-0.16923481
1.4720,-0.36206278
1.4740,-0.26676175
1.4760,-0.07208283
1.4780,0.20600808
1.4800,-0.13740529
1.4820,-0.10035163
1.4840,0.20188746
1.4860,0.02422686
1.4880,-0.20966928
1.4900,0.20080215
1.4920,-0.23845378
1.4940,0.40774822
1.4960,0.17423809
1.4980,-0.10280226
1.5000,-0.04037990
1.5020,-0.18514888
1.5040,-0.18917443
1.5060,-0.04923670
1.5080,-0.25462800
1.5100,0.23811622
1.5120,0.00294475
1.5140,0.30243707
1.5160,0.04115382
1.5180,0.15694129
1.5200,-0.02653343
1.5220,-0.13159190
1.5240,-0.06423970
1.5260,-0.18161243
1.5280,-0.00514330
1.5300,0.22617652
1.5320,0.09789242
1.5340,-0.19483817
1.5360,-0.17116910
1.5380,-0.13814208
1.5400,-0.06287852
1.5420,-0.28003767
1.5440,-0.12356289
1.5460,0.63207442
1.5480,0.19824757
1.5500,0.14901906
1.5520,0.20065221
1.5540,0.46566430
1.5560,0.05073167
1.5580,0.38889244
1.5600,-0.20694435
1.5620,0.05802344
1.5640,-0.13089736
1.5660,-0.16958551
1.5680,-0.21793547
1.5700,0.04816245
1.5720,-0.28482640
1.5740,-0.39149201
1.5760,-0.31079295
1.5780,-0.30348873
1.5800,-0.46312076
1.5820,-0.16711606
1.5840,-0.11530161
1.5860,0.21702400
1.5880,0.08766132
1.5900,0.22440395
1.5920,-0.05236902
1.5940,0.07802865
1.5960,0.46965238
1.5980,0.12250743
1.6000,0.31235525
1.6020,0.02917388
1.6040,0.28007650
1.6060,0.21028970
1.6080,0.11220033
1.6100,-0.29599413
1.6120,-0.36089301
1.6140,-0.63415492
1.6160,0.13234091
1.6180,0.16267642
1.6200,0.01188102
1.6220,-0.07933300
1.6240,-0.11107026
1.6260,-0.01327319
1.6280,-0.09575965
1.6300,0.00486384
1.6320,0.22714621
1.6340,0.14605689
1.6360,-0.06840416
1.6380,0.23574419
1.6400,-0.28204387
1.6420,-0.06806985
1.6440,-0.00317530
1.6460,-0.08325738
1.6480,0.03437053
1.6500,-0.06282019
1.6520,-0.11801270
1.6540,0.04261915
1.6560,-0.03667494
1.6580,0.15560797
1.6600,-0.08669059
1.6620,-0.11666553
1.6640,0.10354730
1.6660,-0.07054053
1.6680,0.07425887
1.6700,-0.00156480
1.6720,-0.09563668
1.6740,0.03887258
1.6760,0.06029418
1.6780,-0.02471559
1.6800,-0.01632836
1.6820,0.16587287
1.6840,0.04546833
1.6860,-0.02106305
1.6880,0.05474880
1.6900,0.02347179
1.6920,0.08078277
1.6940,-0.04159422
1.6960,-0.04199373
1.6980,0.26892188
1.7000,0.02888572
1.7020,0.04435542
1.7040,0.07581664
1.7060,-0.03197193
1.7080,0.10186753
1.7100,-0.07675758
1.7120,-0.29526255
1.7140,-0.25003195
1.7160,0.05995554
1.7180,-0.37570566
1.7200,-0.19246215
1.7220,-0.27875882
1.7240,-0.40385082
1.7260,-0.22859010
1.7280,0.33656374
1.7300,-0.16326147
1.7320,-0.08923525
1.7340,0.08898881
1.7360,0.05755236
1.7380,0.39706999
1.7400,0.20627247
1.7420,0.11906525
1.7440,0.23823504
1.7460,0.04511403
1.7480,-0.06224639
1.7500,-0.27546853
1.7520,-0.01171685
1.7540,0.15754366
1.7560,0.07821093
1.7580,-0.03615414
1.7600,-0.07198536
1.7620,0.01470920
1.7640,0.38002473
1.7660,0.06666116
1.7680,-0.10689860
1.7700,0.07659455
1.7720,0.02146674
1.7740,0.18036608
1.7760,-0.16149089
1.7780,0.25153026
1.7800,-0.01191763
1.7820,0.36493823
1.7840,0.17028813
1.7860,-0.05881725
1.7880,-0.07213549
1.7900,0.18563020
1.7920,0.11528775
1.7940,-0.07718854
1.7960,0.03178814
1.7980,-0.15269603
1.8000,0.31850344
1.8020,0.14134423
1.8040,-0.04284986
1.8060,0.16447763
1.8080,-0.22380236
1.8100,0.00826103
1.8120,0.21025848
1.8140,-0.10748281
1.8160,0.32166296
1.8180,-0.07851872
1.8200,0.15810184
1.8220,-0.01166790
1.8240,-0.03918340
1.8260,0.10349467
1.8280,0.16285568
1.8300,0.14495333
1.8320,0.10839926
1.8340,0.02131925
1.8360,0.12737620
1.8380,0.21787322
1.8400,0.02814219
1.8420,-0.29025930
1.8440,0.34253997
1.8460,0.06909052
1.8480,0.28256860
1.8500,0.27314645
1.8520,0.10591117
1.8540,0.26116022
1.8560,0.23573066
1.8580,0.08426083
1.8600,-0.25519359
1.8620,0.06884935
1.8640,-0.22756691
1.8660,-0.19438507
1.8680,-0.06888725
1.8700,-0.12831892
1.8720,0.31499633
1.8740,0.15503129
1.8760,-0.15171415
1.8780,0.11993568
1.8800,0.18818134
1.8820,-0.00479585
1.8840,-0.18952651
1.8860,0.30931488
1.8880,-0.06436884
1.8900,-0.09496009
1.8920,0.25660220
1.8940,0.20679207
1.8960,0.17361553
1.8980,0.06848898
1.9000,0.08798301
1.9020,-0.11378799
1.9040,-0.06695988
1.9060,-0.13489085
1.9080,-0.21947615
1.9100,0.19305500
1.9120,0.12707317
1.9140,-0.00449881
1.9160,-0.23691474
1.9180,-0.14307532
1.9200,0.36440679
1.9220,-0.25867686
1.9240,0.00027200
1.9260,-0.03340628
1.9280,0.03484124
1.9300,0.03446128
1.9320,-0.07829010
1.9340,-0.02578557
1.9360,-0.14422561
1.9380,0.34647250
1.9400,-0.05265895
1.9420,-0.02796087
1.9440,0.11494595
1.9460,0.00038562
1.9480,0.19240776
1.9500,-0.15510541
1.9520,-0.03177662
1.9540,0.03375776
1.9560,-0.10187489
1.9580,-0.05484327
1.9600,0.23738338
1.9620,-0.02920339
1.9640,0.05007937
1.9660,-0.11241156
1.9680,-0.08928239
1.9700,-0.11148274
1.9720,0.13407055
1.9740,0.11261461
1.9760,0.14402318
1.9780,0.09369180
1.9800,0.09428058
1.9820,0.05040325
1.9840,0.09171174
1.9860,-0.13436908
1.9880,0.36388355
1.9900,0.19775097
1.9920,-0.03103502
1.9940,-0.06766583
1.9960,-0.22394551
1.9980,-0.02760895
2.0000,-0.56416595
2.0020,-0.36455351
2.0040,-0.45096618
2.0060,-0.69033813
2.0080,-0.31574500
2.0100,-0.21357429
2.0120,-0.03300147
2.0140,0.17367998
2.0160,0.09264785
2.0180,0.24447307
2.0200,-0.12266630
2.0220,-0.44054356
2.0240,0.08023494
2.0260,-0.07154689
2.0280,0.00133882
2.0300,-0.00670233
2.0320,-0.20026472
2.0340,-0.00514136
2.0360,0.00682172
2.0380,-0.07299133
2.0400,0.01396529
2.0420,0.10964886
2.0440,-0.23671535
2.0460,-0.12624098
2.0480,0.32732770
2.0500,0.05082498
2.0520,0.23559451
2.0540,-0.00803823
2.0560,-0.16324592
2.0580,0.25247377
2.0600,0.16597578
2.0620,-0.16576369
2.0640,-0.51613337
2.0660,-0.38457763
2.0680,-0.11027136
2.0700,-0.66678685
2.0720,-0.24685712
2.0740,-0.00424838
2.0760,0.17399947
2.0780,-0.18765435
2.0800,0.12919325
2.0820,-0.22289491
2.0840,0.31837466
2.0860,-0.15643945
2.0880,-0.02749151
2.0900,0.27134192
2.0920,-0.03620926
2.0940,-0.14677122
2.0960,0.01711062
2.0980,0.31294146
2.1000,-0.00675512
2.1020,0.17443675
2.1040,-0.09968302
2.1060,-0.08285450
2.1080,0.25955683
2.1100,0.08111826
2.1120,-0.09253677
2.1140,-0.46549225
2.1160,-0.64608938
2.1180,-0.37439790
2.1200,-0.42455924
2.1220,-0.06794754
2.1240,-0.10226123
2.1260,0.33957258
2.1280,0.00366859
2.1300,0.05988856
2.1320,-0.16189939
2.1340,0.12545778
2.1360,-0.15116279
2.1380,0.07978675
2.1400,0.09887755
2.1420,-0.17670712
2.1440,0.03299262
2.1460,0.00929941
2.1480,0.20740321
2.1500,-0.07170990
2.1520,0.26680750
2.1540,-0.15545541
2.1560,0.23030290
2.1580,-0.15534702
2.1600,-0.02723147
2.1620,-0.00006298
2.1640,0.20895143
2.1660,-0.02030190
2.1680,0.12423665
2.1700,0.18834600
2.1720,0.03682930
2.1740,-0.07389314
2.1760,-0.07308456
2.1780,0.26290372
2.1800,0.09532779
2.1820,0.04345944
2.1840,0.07659359
2.1860,-0.13790235
2.1880,0.23738815
2.1900,0.03830523
2.1920,-0.11391623
2.1940,0.02220379
2.1960,-0.10551953
2.1980,-0.00619541
2.2000,0.05265369
2.2020,-0.03351214
2.2040,0.06818172
2.2060,-0.10949604
2.2080,-0.03279687
2.2100,-0.00661036
2.2120,-0.30506596
2.2140,0.02530673
2.2160,0.10017691
2.2180,0.16087659
2.2200,-0.28804109
2.2220,-0.14055644
2.2240,-0.15345198
2.2260,-0.09576183
2.2280,-0.10587937
2.2300,-0.25532734
2.2320,-0.08202719
2.2340,0.08520278
2.2360,-0.45855966
2.2380,-0.06514882
2.2400,-0.17577501
2.2420,0.12430418
2.2440,-0.05653407
2.2460,-0.07646348
2.2480,-0.19285965
2.2500,0.12431456
2.2520,0.23886666
2.2540,0.16419806
2.2560,0.10188936
2.2580,0.29731122
2.2600,-0.02107784
2.2620,-0.06645610
2.2640,-0.01584978
2.2660,-0.24248829
2.2680,0.14280085
2.2700,-0.19159484
2.2720,-0.31991902
2.2740,-0.29818797
2.2760,0.40294230
2.2780,-0.24951886
2.2800,-0.19500165
2.2820,-0.24612008
2.2840,-0.75328720
2.2860,-0.14609115
2.2880,0.21724339
2.2900,0.39916381
2.2920,0.43781510
2.2940,0.20994660
2.2960,-0.04939082
2.2980,0.18065135
2.3000,-0.10509512
2.3020,0.21822916
2.3040,0.29051048
2.3060,0.14861108
2.3080,0.07156266
2.3100,0.08975568
2.3120,0.15434003
2.3140,-0.02234697
2.3160,0.07002764
2.3180,0.10017949
2.3200,-0.23191042
2.3220,-0.14643438
2.3240,0.04398935
2.3260,-0.08094779
2.3280,0.13432312
2.3300,-0.16710758
2.3320,0.09002352
2.3340,0.03537496
2.3360,-0.07747921
2.3380,0.05979294
2.3400,-0.26190230
2.3420,-0.01858032
2.3440,0.05058281
2.3460,-0.09970523
2.3480,-0.07132214
2.3500,-0.17197855
2.3520,0.09519546
2.3540,0.12049498
2.3560,0.08151669
2.3580,0.01593499
2.3600,-0.11456971
2.3620,-0.11998041
2.3640,-0.19601165
2.3660,-0.03490447
2.3680,0.10270448
2.3700,-0.29579064
2.3720,0.38143277
2.3740,-0.14310279
2.3760,-0.02504835
2.3780,0.12066388
2.3800,-0.00488294
2.3820,0.20872535
2.3840,0.14291988
2.3860,0.12239116
2.3880,-0.16613936
2.3900,0.36081067
2.3920,-0.08335530
2.3940,0.03064957
2.3960,0.09746990
2.3980,-0.20871541
2.4000,-0.12751077
2.4020,-0.12213528
2.4040,-0.01763726
2.4060,0.03492280
2.4080,-0.15256594
2.4100,0.14159144
2.4120,0.26473516
2.4140,0.23626925
2.4160,0.16132100
2.4180,0.15753591
2.4200,-0.08411706
2.4220,0.29781288
2.4240,0.05848269
2.4260,0.16657743
2.4280,0.03591089
2.4300,-0.11185148
2.4320,0.30464923
2.4340,-0.51590014
2.4360,-0.27855116
2.4380,0.16165043
2.4400,-0.32697833
2.4420,-0.00708483
2.4440,-0.18051459
2.4460,-0.17488600
2.4480,0.17438370
2.4500,-0.03386991
2.4520,-0.24531668
2.4540,0.00086493
2.4560,0.07540812
2.4580,0.15670903
2.4600,-0.36570758
2.4620,0.23005266
2.4640,-0.00675784
2.4660,-0.16921285
2.4680,-0.12674883
2.4700,0.23986356
2.4720,0.13096827
2.4740,-0.36219376
2.4760,-0.43002510
2.4780,-0.11719712
2.4800,0.20849535
2.4820,0.11165549
2.4840,-0.13862383
2.4860,0.18415526
2.4880,-0.42044976
2.4900,0.17386590
2.4920,-0.10592897
2.4940,0.12195235
2.4960,-0.30956748
2.4980,-0.01689990
2.5000,-0.16133258
2.5020,-0.02322211
2.5040,-0.03145985
2.5060,-0.03743927
2.5080,0.05505908
2.5100,-0.19988745
2.5120,-0.00167920
2.5140,0.10744864
2.5160,0.04643463
2.5180,-0.00660548
2.5200,-0.26355681
2.5220,0.11804059
2.5240,-0.21403369
2.5260,-0.13445468
2.5280,-0.04395471
2.5300,0.06637466
2.5320,0.29350650
2.5340,0.01490784
2.5360,-0.23012763
2.5380,0.07218822
2.5400,0.33614862
2.5420,-0.04272839
2.5440,0.04576438
2.5460,0.30600774
2.5480,-0.16786087
2.5500,-0.05720868
2.5520,-0.20106041
2.5540,-0.00917106
2.5560,-0.15709555
2.5580,-0.11699279
2.5600,-0.20787780
2.5620,-0.23512429
2.5640,-0.08559583
2.5660,-0.05159677
2.5680,0.10291219
2.5700,0.30319414
2.5720,0.12036522
2.5740,0.29653895
2.5760,0.03634747
2.5780,0.23334333
2.5800,-0.24611026
2.5820,-0.14074807
2.5840,0.11594599
2.5860,-0.11405522
2.5880,0.25998428
2.5900,0.02175754
2.5920,0.35604614
2.5940,0.09698903
2.5960,-0.02941084
2.5980,0.37225911
2.6000,0.03413799
2.6020,-0.07207495
2.6040,0.17073321
2.6060,0.05026456
2.6080,0.06700917
2.6100,-0.02573296
2.6120,-0.17609127
2.6140,0.05934284
2.6160,-0.19984059
2.6180,0.35718417
2.6200,-0.10837761
2.6220,-0.07730528
2.6240,-0.15168625
2.6260,-0.07384647
2.6280,0.04447674
2.6300,-0.18286432
2.6320,0.09815446
2.6340,-0.25174317
2.6360,0.09584578
2.6380,-0.16796465
2.6400,-0.19597954
2.6420,-0.00236190
2.6440,0.19825582
2.6460,-0.02105650
2.6480,0.08788015
2.6500,0.12939259
2.6520,-0.15481205
2.6540,-0.08817864
2.6560,0.16165066
2.6580,-0.06497400
2.6600,0.21808265
2.6620,0.05426900
2.6640,-0.12553930
2.6660,0.20301439
2.6680,-0.09236900
2.6700,0.01583315
2.6720,0.13572083
2.6740,-0.04684570
2.6760,0.41003829
2.6780,0.06422526
2.6800,-0.30212232
2.6820,-0.10156107
2.6840,0.26501653
2.6860,0.33642393
2.6880,-0.02983235
2.6900,0.12197398
2.6920,-0.08246624
2.6940,0.09311890
2.6960,0.11862907
2.6980,0.10426505
2.7000,0.16630834
2.7020,0.05329934
2.7040,0.00548075
2.7060,-0.11981852
2.7080,0.12945153
2.7100,0.00277861
2.7120,0.05111673
2.7140,-0.18692119
2.7160,-0.28110462
2.7180,0.30826169
2.7200,-0.21723795
2.7220,-0.20469496
2.7240,-0.12128876
2.7260,-0.07057944
2.7280,0.19653438
2.7300,-0.36865517
2.7320,-0.07005094
2.7340,0.01783546
2.7360,-0.15010944
2.7380,0.20139402
2.7400,-0.08320934
2.7420,-0.01269099
2.7440,0.07551631
2.7460,-0.18705265
2.7480,-0.08452015
2.7500,-0.37578565
2.7520,-0.00369914
2.7540,0.05576998
2.7560,-0.02337209
2.7580,0.08338542
2.7600,0.32068232
2.7620,0.03978162
2.7640,-0.18557568
2.7660,-0.05081905
2.7680,-0.11865378
2.7700,-0.17494735
2.7720,0.26751471
2.7740,0.23793504
2.7760,-0.22770107
2.7780,0.06169671
2.7800,-0.10818413
2.7820,-0.11291640
2.7840,0.01977075
2.7860,0.07416531
2.7880,0.08340340
2.7900,0.08703183
2.7920,0.01929465
2.7940,0.17346364
2.7960,-0.17687649
2.7980,-0.03446034
2.8000,0.07701010
2.8020,-0.00859730
2.8040,0.22004072
2.8060,0.14189027
2.8080,0.09944699
2.8100,-0.08555946
2.8120,0.15571530
2.8140,-0.01578101
2.8160,-0.04713624
2.8180,0.06028678
2.8200,-0.01046585
2.8220,0.20013809
2.8240,0.25771517
2.8260,-0.16954520
2.8280,-0.26542491
2.8300,-0.04156687
2.8320,0.09207418
2.8340,0.17137592
2.8360,-0.14157827
2.8380,0.06218385
2.8400,0.01609050
2.8420,0.05439923
2.8440,-0.33513865
2.8460,-0.20391823
2.8480,-0.28156617
2.8500,-0.36823559
2.8520,-0.38471594
2.8540,-0.06031565
2.8560,-0.15296862
2.8580,-0.48557705
2.8600,-0.54014313
2.8620,0.02562563
2.8640,0.21238579
2.8660,-0.20591225
2.8680,0.23661979
2.8700,0.07837392
2.8720,0.10547838
2.8740,0.06772989
2.8760,0.14723784
2.8780,-0.47574887
2.8800,-0.12523727
2.8820,-0.13593887
2.8840,-0.29919827
2.8860,0.39902744
2.8880,0.06371278
2.8900,-0.02106857
2.8920,-0.02882376
2.8940,-0.10443033
2.8960,0.13275380
2.8980,-0.20294328
2.9000,0.02875148
2.9020,-0.19803447
2.9040,-0.00426878
2.9060,0.04559956
2.9080,0.08124764
2.9100,0.02196793
2.9120,0.09068133
2.9140,0.15339409
2.9160,0.16752656
2.9180,-0.14237919
2.9200,-0.01502712
2.9220,0.22851501
2.9240,0.12433862
2.9260,-0.05110653
2.9280,-0.19905986
2.9300,0.21877073
2.9320,-0.18085389
2.9340,-0.11834548
2.9360,0.03808422
2.9380,0.06663366
2.9400,0.32030511
2.9420,0.04589059
2.9440,-0.15449297
2.9460,0.22358996
2.9480,0.15866040
2.9500,-0.05295340
2.9520,0.12880348
2.9540,-0.01329057
2.9560,-0.08625332
2.9580,-0.16022274
2.9600,-0.03333124
2.9620,0.07785697
2.9640,-0.08733362
2.9660,0.28572655
2.9680,0.19072704
2.9700,-0.11779924
2.9720,0.04878213
2.9740,0.04505899
2.9760,0.12670998
2.9780,-0.08515855
2.9800,-0.05142667
2.9820,-0.17898487
2.9840,0.00899714
2.9860,0.02962374
2.9880,0.19593868
2.9900,0.01129239
2.9920,0.22654094
2.9940,-0.04631833
2.9960,-0.09616062
2.9980,-0.02931268
3.0000,-0.14930409
3.0020,-0.04699520
3.0040,-0.03272242
3.0060,-0.14002310
3.0080,0.09283503
3.0100,0.16927654
3.0120,0.00287926
3.0140,-0.06434830
3.0160,-0.22134116
3.0180,-0.15141585
3.0200,-0.04690187
3.0220,0.14758167
3.0240,-0.11850230
3.0260,0.09726694
3.0280,-0.09805711
3.0300,0.01382140
3.0320,0.36110547
3.0340,0.04049141
3.0360,0.31454933
3.0380,0.13352658
3.0400,0.24513847
3.0420,0.07184819
3.0440,0.03808400
3.0460,-0.05792135
3.0480,0.03236349
3.0500,0.19155839
3.0520,-0.03968469
3.0540,0.11174297
3.0560,0.08493439
3.0580,0.24368428
3.0600,-0.41771957
3.0620,0.18470572
3.0640,0.31830502
3.0660,0.07396459
3.0680,-0.02915317
3.0700,-0.07368964
3.0720,-0.05150113
3.0740,-0.00862677
3.0760,-0.06564081
3.0780,0.15992858
3.0800,0.17789891
3.0820,0.27963743
3.0840,0.01291850
3.0860,-0.07532871
3.0880,0.13961184
3.0900,0.10964113
3.0920,0.25140610
3.0940,0.00557697
3.0960,-0.12690337
3.0980,-0.51680100
3.1000,0.06499798
3.1020,-0.07882176
3.1040,0.00197979
3.1060,0.10198752
3.1080,0.18433695
3.1100,-0.06427754
3.1120,0.18181288
3.1140,-0.05949986
3.1160,-0.11056314
3.1180,-0.11258809
3.1200,0.08662806
3.1220,0.03117415
3.1240,0.17826189
3.1260,-0.15890872
3.1280,-0.01929922
3.1300,0.18136249
3.1320,0.17654672
3.1340,-0.02602804
3.1360,0.09985053
3.1380,0.11430378
3.1400,0.02247275
3.1420,0.07355468
3.1440,0.15030545
3.1460,-0.31413168
3.1480,-0.24705844
3.1500,-0.01314847
3.1520,0.01951540
3.1540,0.19370274
3.1560,0.05134050
3.1580,0.09641531
3.1600,0.06619617
3.1620,0.02321967
3.1640,0.01664039
3.1660,0.13064317
3.1680,0.33220127
3.1700,0.04266877
3.1720,0.20213567
3.1740,-0.13169061
3.1760,0.09326039
3.1780,0.01099744
3.1800,-0.43038860
3.1820,-0.08266369
3.1840,-0.15503243
3.1860,-0.43690252
3.1880,-0.22960624
3.1900,-0.13393211
3.1920,0.49178705
3.1940,0.52777189
3.1960,0.32747895
3.1980,0.62163264
3.2000,0.27006415
3.2020,0.48638731
3.2040,0.11706842
3.2060,-0.09065015
3.2080,0.40025055
3.2100,-0.13415504
3.2120,-0.23783311
3.2140,-0.14841367
3.2160,0.15387978
3.2180,-0.07618639
3.2200,0.00398661
3.2220,-0.10426024
3.2240,0.23688255
3.2260,0.10458973
3.2280,-0.02318431
3.2300,-0.12395994
3.2320,-0.30605963
3.2340,0.09393931
3.2360,0.20774132
3.2380,-0.02238693
3.2400,0.10222222
3.2420,-0.04754691
3.2440,-0.12074918
3.2460,0.07746352
3.2480,-0.10413840
3.2500,-0.11337084
3.2520,-0.28179988
3.2540,0.17996925
3.2560,0.43532512
3.2580,0.03648846
3.2600,0.00588799
3.2620,0.06536404
3.2640,-0.00191847
3.2660,-0.13695005
3.2680,-0.08848064
3.2700,0.12321036
3.2720,-0.11473485
3.2740,0.20697981
3.2760,0.05184418
3.2780,0.27111274
3.2800,0.07701667
3.2820,0.22087261
3.2840,-0.02206031
3.2860,0.27801275
3.2880,0.21174175
3.2900,0.09682439
3.2920,0.09302547
3.2940,0.00816928
3.2960,0.05809414
3.2980,0.16823985
3.3000,0.51207578
3.3020,0.01268139
3.3040,-0.00937349
3.3060,-0.13572544
3.3080,-0.03717808
3.3100,-0.25088227
3.3120,-0.08568294
3.3140,-0.10031334
3.3160,0.01410640
3.3180,-0.04257914
3.3200,-0.06210260
3.3220,-0.05889330
3.3240,-0.13732222
3.3260,-0.03205157
3.3280,0.35082230
3.3300,-0.08798239
3.3320,0.04413937
3.3340,0.02460132
3.3360,0.15684102
3.3380,-0.28030929
3.3400,0.27857152
3.3420,-0.10075549
3.3440,-0.02524181
3.3460,-0.03001904
3.3480,-0.02649841
3.3500,-0.10958084
3.3520,-0.11198034
3.3540,0.22819436
3.3560,0.10567775
3.3580,-0.26020029
3.3600,-0.07701375
3.3620,-0.30306682
3.3640,-0.00235088
3.3660,-0.24406685
3.3680,0.09025624
3.3700,0.00911980
3.3720,0.19989406
3.3740,0.23205404
3.3760,-0.07571429
3.3780,0.07083377
3.3800,-0.15718727
3.3820,0.01222041
3.3840,-0.02380567
3.3860,-0.11085630
3.3880,-0.24281387
3.3900,0.08692510
3.3920,0.06597555
3.3940,-0.14528970
3.3960,0.04460370
3.3980,0.14540060
3.4000,0.19622484
3.4020,0.07574693
3.4040,-0.06758230
3.4060,0.09865045
3.4080,0.05855793
3.4100,0.05701065
3.4120,-0.05729418
3.4140,-0.24386947
3.4160,-0.00951999
3.4180,0.17007233
3.4200,-0.11972264
3.4220,0.01390134
3.4240,0.06614321
3.4260,0.19079138
3.4280,0.32727697
3.4300,-0.00170923
3.4320,-0.08658595
3.4340,0.07256985
3.4360,-0.04452322
3.4380,0.04971924
3.4400,0.16394176
3.4420,0.13865957
3.4440,0.05109674
3.4460,-0.02538470
3.4480,-0.11140294
3.4500,0.14759445
3.4520,-0.11487174
3.4540,0.11321030
3.4560,0.03551822
3.4580,0.01943198
3.4600,0.07231040
3.4620,0.25726810
3.4640,0.09172032
3.4660,-0.03165485
3.4680,0.00493722
3.4700,0.04718829
3.4720,0.18056715
3.4740,-0.00728353
3.4760,0.07539177
3.4780,0.04387916
3.4800,0.06294940
3.4820,-0.07055106
3.4840,-0.18454306
3.4860,-0.36352205
3.4880,0.01316144
3.4900,-0.12570705
3.4920,0.30504203
3.4940,-0.06795903
3.4960,0.17044751
3.4980,0.11526103
3.5000,-0.04363965
3.5020,-0.02689162
3.5040,0.30732074
3.5060,-0.11959267
3.5080,0.20266829
3.5100,-0.12874560
3.5120,-0.13317713
3.5140,0.26069796
3.5160,-0.37737435
3.5180,-0.34171519
3.5200,-0.31083590
3.5220,-0.47348562
3.5240,-0.42768100
3.5260,-0.14397596
3.5280,0.27128670
3.5300,0.29135954
3.5320,0.26328647
3.5340,0.47192481
3.5360,0.23369074
3.5380,0.61638236
3.5400,0.36612698
3.5420,0.23226462
3.5440,0.09873628
3.5460,-0.18819417
3.5480,-0.18802476
3.5500,-0.00193177
3.5520,-0.32655627
3.5540,-0.24150525
3.5560,-0.18631738
3.5580,-0.30282867
3.5600,-0.39034709
3.5620,-0.22358108
3.5640,-0.51851672
3.5660,-0.17960550
3.5680,-0.11492308
3.5700,-0.03243776
3.5720,0.00665443
3.5740,-0.23034333
3.5760,0.13480055
3.5780,-0.03472705
3.5800,0.06531114
3.5820,-0.15114844
3.5840,0.06043921
3.5860,-0.09560808
3.5880,-0.12529011
3.5900,0.00986526
3.5920,0.11734262
3.5940,-0.23966683
3.5960,0.01232807
3.5980,-0.05828319
3.6000,0.19177873
3.6020,-0.00935382
3.6040,-0.10443955
3.6060,0.03891385
3.6080,0.15789786
3.6100,-0.08946158
3.6120,-0.09776302
3.6140,0.12064502
3.6160,0.16559285
3.6180,-0.17545816
3.6200,-0.19962846
3.6220,0.28647268
3.6240,-0.09654266
3.6260,-0.13278526
3.6280,0.05307179
3.6300,-0.09977110
3.6320,0.07652465
3.6340,0.15776141
3.6360,-0.05244786
3.6380,0.10790922
3.6400,0.15660445
3.6420,-0.13437420
3.6440,0.14289542
3.6460,0.02962123
3.6480,-0.15150711
3.6500,0.09996019
3.6520,-0.05625371
3.6540,0.07370777
3.6560,0.25348029
3.6580,0.34984788
3.6600,-0.15117730
3.6620,-0.07542633
3.6640,-0.01814809
3.6660,-0.13587114
3.6680,-0.03962668
3.6700,0.03828561
3.6720,0.13549794
3.6740,-0.13876481
3.6760,-0.33365577
3.6780,0.05543610
3.6800,0.05960912
3.6820,0.08390533
3.6840,-0.21335286
3.6860,0.04667750
3.6880,0.10608906
3.6900,-0.04975415
3.6920,-0.04453787
3.6940,0.32011208
3.6960,0.29523879
3.6980,0.26417390
3.7000,0.25981146
3.7020,0.39802983
3.7040,-0.00743661
3.7060,-0.25792795
3.7080,-0.14500524
3.7100,-0.01769762
3.7120,0.23517840
3.7140,-0.00702785
3.7160,0.08698539
3.7180,-0.16279696
3.7200,0.10558921
3.7220,-0.04955094
3.7240,-0.21310663
3.7260,-0.17136914
3.7280,-0.12049598
3.7300,0.14807084
3.7320,0.26540384
3.7340,0.20194390
3.7360,0.00751503
3.7380,-0.12631610
3.7400,0.06853171
3.7420,-0.12453674
3.7440,0.39775667
3.7460,0.02520678
3.7480,-0.03396252
3.7500,0.09141938
3.7520,0.06009388
3.7540,-0.13436657
3.7560,-0.29233751
3.7580,-0.02078217
3.7600,0.13180748
3.7620,0.36129892
3.7640,0.15432322
3.7660,0.21421181
3.7680,-0.10793665
3.7700,-0.19667271
3.7720,0.21483862
3.7740,0.37752199
3.7760,0.02628130
3.7780,0.21257932
3.7800,0.11768981
3.7820,0.18723792
3.7840,0.34576431
3.7860,0.47270638
3.7880,0.22456272
3.7900,0.29381925
3.7920,-0.15288736
3.7940,0.14062136
3.7960,0.05915731
3.7980,0.07296778
3.8000,-0.09003855
3.8020,-0.04063488
3.8040,0.33841953
3.8060,-0.04947338
3.8080,-0.44587502
3.8100,-0.21513987
3.8120,-0.19083284
3.8140,0.19618802
3.8160,-0.15374833
3.8180,-0.15494396
3.8200,-0.04139197
3.8220,0.18059152
3.8240,0.06125261
3.8260,-0.07280719
3.8280,0.03811818
3.8300,-0.02224805
3.8320,-0.00795032
3.8340,0.16902339
3.8360,0.08485025
3.8380,-0.10313851
3.8400,0.05643276
3.8420,0.17209966
3.8440,-0.00114657
3.8460,0.07758182
3.8480,0.15231445
3.8500,0.24086754
3.8520,0.07938214
3.8540,-0.07747640
3.8560,0.09909952
3.8580,-0.02005796
3.8600,0.16683136
3.8620,0.32118511
3.8640,-0.06917165
3.8660,0.06540643
3.8680,-0.14229521
3.8700,-0.19003759
3.8720,-0.10139494
3.8740,-0.13282458
3.8760,-0.54399860
3.8780,-0.19543742
3.8800,0.01502928
3.8820,-0.07199512
3.8840,0.30312175
3.8860,0.17914820
3.8880,-0.03897119
3.8900,-0.24525642
3.8920,-0.44110563
3.8940,0.04997926
3.8960,0.04141298
3.8980,-0.00555529
3.9000,-0.31914717
3.9020,0.31694934
3.9040,-0.36057496
3.9060,-0.22774595
3.9080,0.07260947
3.9100,0.01948594
3.9120,-0.12117862
3.9140,-0.25142536
3.9160,0.01768269
3.9180,-0.01389496
3.9200,-0.15540949
3.9220,-0.04465453
3.9240,0.11684646
3.9260,-0.20796423
3.9280,0.13664001
3.9300,-0.34325737
3.9320,0.31567875
3.9340,-0.30368453
3.9360,0.01016501
3.9380,0.06350238
3.9400,-0.08467434
3.9420,0.00937148
3.9440,0.05152483
3.9460,0.00230919
3.9480,-0.02572492
3.9500,-0.17913327
3.9520,0.25796524
3.9540,0.36526152
3.9560,-0.14299454
3.9580,-0.12119750
3.9600,-0.10102560
3.9620,-0.01518964
3.9640,0.15116802
3.9660,0.02887626
3.9680,-0.02120287
3.9700,-0.10673556
3.9720,0.13762173
3.9740,0.07183280
3.9760,-0.05592366
3.9780,-0.11549712
3.9800,-0.09932162
3.9820,-0.04446433
3.9840,0.23737025
3.9860,0.07637704
3.9880,-0.04165107
3.9900,0.15280966
3.9920,-0.13054933
3.9940,-0.02831038
3.9960,0.19650099
3.9980,0.11590131
4.0000,0.16707507
4.0020,0.24060650
4.0040,-0.16008197
4.0060,0.09448966
4.0080,-0.16058673
4.0100,0.00715171
4.0120,-0.05179366
4.0140,0.32910925
4.0160,0.25680983
4.0180,0.22018857
4.0200,0.22878554
4.0220,0.35645741
4.0240,-0.05233778
4.0260,-0.06807549
4.0280,0.02971685
4.0300,-0.15987919
4.0320,0.16748658
4.0340,-0.00215830
4.0360,-0.05942224
4.0380,-0.29818082
4.0400,-0.25788072
4.0420,-0.43329191
4.0440,-0.04460030
4.0460,0.10076161
4.0480,-0.03145284
4.0500,0.29985014
4.0520,0.08908010
4.0540,0.09129757
4.0560,-0.05010689
4.0580,0.27283296
4.0600,0.04082902
4.0620,-0.20252782
4.0640,-0.37068555
4.0660,0.25158191
4.0680,0.41753593
4.0700,0.39831540
4.0720,0.46372297
4.0740,-0.22473475
4.0760,0.19209681
4.0780,-0.03680461
4.0800,-0.04150665
4.0820,-0.03836011
4.0840,-0.06753228
4.0860,-0.11434329
4.0880,0.27699584
4.0900,0.44097286
4.0920,-0.06920139
4.0940,0.09181192
4.0960,0.02776397
4.0980,0.40220827
4.1000,0.29400977
4.1020,0.30490783
4.1040,-0.06557646
4.1060,-0.11673807
4.1080,0.09894208
4.1100,-0.32467794
4.1120,-0.00315900
4.1140,-0.10474258
4.1160,0.05162881
4.1180,-0.04859442
4.1200,-0.12147672
4.1220,0.15792228
4.1240,0.12196401
4.1260,-0.07388730
4.1280,-0.17005771
4.1300,-0.06262453
4.1320,0.07928317
4.1340,0.13478725
4.1360,0.03507600
4.1380,0.21989490
4.1400,-0.22144438
4.1420,0.15118575
4.1440,-0.23031205
4.1460,-0.18717895
4.1480,-0.23101676
4.1500,0.28848696
4.1520,0.15072830
4.1540,-0.00744370
4.1560,0.04346514
4.1580,-0.01238176
4.1600,0.15018445
4.1620,-0.07227412
4.1640,-0.04334202
4.1660,0.21004425
4.1680,-0.05667690
4.1700,0.00643947
4.1720,0.02582631
4.1740,-0.03511179
4.1760,0.12678181
4.1780,-0.01113236
4.1800,0.16876431
4.1820,-0.21797509
4.1840,-0.13470434
4.1860,0.17066175
4.1880,-0.04060660
4.1900,-0.04673532
4.1920,0.23991752
4.1940,0.03793599
4.1960,-0.02063608
4.1980,0.15591489
4.2000,-0.23351604
4.2020,0.30526492
4.2040,-0.08926012
4.2060,0.05533551
4.2080,-0.11341219
4.2100,0.03675513
4.2120,0.05485648
4.2140,-0.07719304
4.2160,0.06906775
4.2180,0.14087421
4.2200,-0.00276020
4.2220,0.01312014
4.2240,0.19983423
4.2260,0.15792148
4.2280,0.08887772
4.2300,-0.08195333
4.2320,-0.01616380
4.2340,0.10415628
4.2360,0.14405413
4.2380,0.14725304
4.2400,0.13895826
4.2420,-0.03616443
4.2440,0.29985195
4.2460,0.27408427
4.2480,-0.32575250
4.2500,-0.05372409
4.2520,0.34413064
4.2540,0.13444968
4.2560,0.00985718
4.2580,0.23232010
4.2600,0.07732210
4.2620,0.00065669
4.2640,0.10441827
4.2660,0.09443165
4.2680,0.12804265
4.2700,0.05884365
4.2720,-0.00868630
4.2740,-0.38905782
4.2760,-0.60609627
4.2780,-0.53140628
4.2800,-0.45301318
4.2820,0.47186664
4.2840,0.46550429
4.2860,0.39534998
4.2880,0.23147736
4.2900,0.05966017
4.2920,0.22572096
4.2940,0.28607899
4.2960,0.11853093
4.2980,-0.02076865
4.3000,-0.15671895
4.3020,-0.17747132
4.3040,0.03279447
4.3060,0.21097893
4.3080,-0.21685772
4.3100,-0.29086274
4.3120,-0.37431633
4.3140,-0.17203549
4.3160,-0.48651585
4.3180,-0.19632924
4.3200,-0.25488165
4.3220,-0.00622165
4.3240,0.27645528
4.3260,0.27265292
4.3280,0.09427094
4.3300,0.40799779
4.3320,-0.09727848
4.3340,-0.25762835
4.3360,0.12620601
4.3380,0.29740572
4.3400,0.28949726
4.3420,0.16727020
4.3440,-0.12373223
4.3460,-0.19122991
4.3480,0.07672919
4.3500,-0.09292097
4.3520,-0.30368704
4.3540,-0.32229322
4.3560,-0.14537926
4.3580,-0.12086287
4.3600,-0.26456368
4.3620,-0.09613952
4.3640,-0.45831931
4.3660,-0.10472071
4.3680,0.23253728
4.3700,0.32750374
4.3720,0.21159334
4.3740,0.16104120
4.3760,0.02896919
4.3780,0.24462213
4.3800,-0.00926904
4.3820,-0.16628225
4.3840,0.26021627
4.3860,0.23302190
4.3880,0.41519511
4.3900,0.52826881
4.3920,0.08735717
4.3940,-0.00946365
4.3960,0.16890924
4.3980,-0.26352486
4.4000,-0.18480262
4.4020,-0.46469375
4.4040,-0.06430051
4.4060,-0.15628488
4.4080,-0.19243456
4.4100,-0.15298560
4.4120,-0.14945929
4.4140,-0.22186550
4.4160,-0.13706000
4.4180,-0.06272393
4.4200,-0.30083627
4.4220,-0.29678521
4.4240,0.02398808
4.4260,0.09581355
4.4280,-0.23838064
4.4300,-0.11134229
4.4320,-0.03384187
4.4340,-0.30585784
4.4360,-0.20889515
4.4380,0.23855066
4.4400,0.02430583
4.4420,-0.10474624
4.4440,-0.20516238
4.4460,-0.05349329
4.4480,-0.21827477
4.4500,0.15413152
4.4520,-0.25854924
4.4540,0.26908663
4.4560,-0.12724513
4.4580,0.22393480
4.4600,0.13411748
4.4620,0.07360449
4.4640,-0.17709403
4.4660,0.03100891
4.4680,-0.31816417
4.4700,0.04384488
4.4720,-0.08672931
4.4740,0.01794305
4.4760,0.17513756
4.4780,0.06906671
4.4800,-0.17446490
4.4820,0.07349533
4.4840,-0.31870866
4.4860,-0.19753748
4.4880,-0.02067257
4.4900,-0.04881523
4.4920,0.06021344
4.4940,-0.11318938
4.4960,0.02435933
4.4980,0.19647005
4.5000,0.10253165
4.5020,-0.11791033
4.5040,-0.09357372
4.5060,0.07518822
4.5080,-0.25561357
4.5100,-0.07521712
4.5120,-0.00902044
4.5140,-0.16790657
4.5160,0.13893151
4.5180,0.09199627
4.5200,-0.06744051
4.5220,0.18553148
4.5240,-0.13277256
4.5260,0.02096822
4.5280,0.04674842
4.5300,-0.02250475
4.5320,0.01312204
4.5340,0.15369216
4.5360,-0.11570477
4.5380,0.01924587
4.5400,0.05216788
4.5420,-0.23054644
4.5440,-0.09001812
4.5460,0.22940837
4.5480,-0.00128138
4.5500,0.04794895
4.5520,-0.10959788
4.5540,0.19850090
4.5560,-0.02414432
4.5580,0.13600272
4.5600,0.00410284
4.5620,-0.06749369
4.5640,-0.20718855
4.5660,-0.00370356
4.5680,-0.04639297
4.5700,0.05594775
4.5720,-0.06397123
4.5740,0.08425419
4.5760,0.24683768
4.5780,0.21444237
4.5800,0.01235435
4.5820,-0.12786894
4.5840,0.17338127
4.5860,0.13490079
4.5880,-0.11491425
4.5900,0.16355568
4.5920,0.12368364
4.5940,-0.06479212
4.5960,0.10204646
4.5980,0.11555081
4.6000,0.18737519
4.6020,-0.05688734
4.6040,0.22540677
4.6060,0.13488753
4.6080,0.36810288
4.6100,0.10936119
4.6120,0.22862281
4.6140,0.27823502
4.6160,-0.19252327
4.6180,0.30615708
4.6200,-0.01045891
4.6220,-0.28524119
4.6240,-0.17832054
4.6260,-0.22299473
4.6280,-0.28555799
4.6300,-0.61686331
4.6320,-0.30430543
4.6340,-0.38694963
4.6360,0.57091033
4.6380,0.68745077
4.6400,0.49471197
4.6420,0.16581781
4.6440,0.10829622
4.6460,-0.00187922
4.6480,-0.05736577
4.6500,0.20687658
4.6520,-0.30961898
4.6540,0.00035946
4.6560,-0.14818537
4.6580,-0.42431784
4.6600,-0.15683109
4.6620,-0.26911607
4.6640,-0.57145852
4.6660,-0.42321125
4.6680,-0.31185350
4.6700,-0.11285927
4.6720,-0.36367169
4.6740,-0.00008481
4.6760,-0.05897254
4.6780,0.20956586
4.6800,-0.02568569
4.6820,0.01888648
4.6840,-0.40344894
4.6860,-0.04578218
4.6880,-0.17231067
4.6900,0.01865659
4.6920,0.19658560
4.6940,0.01361702
4.6960,0.08984222
4.6980,0.07318749
4.7000,-0.00161315
4.7020,-0.27346134
4.7040,-0.22954099
4.7060,-0.08765131
4.7080,0.01359127
4.7100,0.13019204
4.7120,0.31011763
4.7140,-0.22355965
4.7160,0.00840628
4.7180,-0.07241278
4.7200,0.19987454
4.7220,-0.02924203
4.7240,-0.03029087
4.7260,-0.07419524
4.7280,-0.06595758
4.7300,0.07251385
4.7320,-0.01032861
4.7340,0.23997614
4.7360,-0.13501781
4.7380,-0.12781915
4.7400,0.40445942
4.7420,-0.08986840
4.7440,-0.22451797
4.7460,0.40457186
4.7480,0.16517286
4.7500,-0.05887233
4.7520,-0.34280682
4.7540,-0.01343847
4.7560,0.15369488
4.7580,0.49573973
4.7600,0.03753018
4.7620,0.05733683
4.7640,-0.02797089
4.7660,-0.16957501
4.7680,-0.45813069
4.7700,-0.34702262
4.7720,0.32527921
4.7740,0.13201362
4.7760,0.23441367
4.7780,-0.15886271
4.7800,-0.13177155
4.7820,-0.28269693
4.7840,0.04103568
4.7860,0.35222253
4.7880,-0.14070632
4.7900,-0.12968047
4.7920,-0.21508172
4.7940,0.00341425
4.7960,0.17183092
4.7980,0.06098552
4.8000,-0.04084164
4.8020,-0.20350146
4.8040,-0.05823073
4.8060,0.06873178
4.8080,0.04399662
4.8100,0.01776913
4.8120,0.13461275
4.8140,-0.35226163
4.8160,0.09330598
4.8180,0.18596451
4.8200,0.15299913
4.8220,0.33723626
4.8240,-0.10020329
4.8260,-0.15236758
4.8280,0.15661557
4.8300,0.11793809
4.8320,0.20659570
4.8340,0.33861417
4.8360,0.10249258
4.8380,0.24970394
4.8400,0.09879456
4.8420,0.09670605
4.8440,-0.26449096
4.8460,0.04029020
4.8480,-0.13617034
4.8500,-0.28996301
4.8520,0.14609078
4.8540,-0.04329447
4.8560,0.11328927
4.8580,-0.04254187
4.8600,-0.32852724
4.8620,0.15081623
4.8640,-0.15284739
4.8660,0.01880577
4.8680,-0.11728573
4.8700,-0.05831078
4.8720,-0.10247089
4.8740,0.11842174
4.8760,-0.02278180
4.8780,-0.04517511
4.8800,-0.23013826
4.8820,-0.07502493
4.8840,0.07441528
4.8860,-0.10832734
4.8880,0.00797392
4.8900,-0.08647630
4.8920,-0.12519616
4.8940,0.13800974
4.8960,-0.01114698
4.8980,0.10770211
4.9000,-0.03954763
4.9020,0.23772338
4.9040,0.07105741
4.9060,-0.00347726
4.9080,0.16292088
4.9100,0.29391676
4.9120,-0.38835090
4.9140,0.01421882
4.9160,-0.07999726
4.9180,-0.08373422
4.9200,-0.22934800
4.9220,-0.50163937
4.9240,-0.22417504
4.9260,-0.03850444
4.9280,-0.19928671
4.9300,-0.17126553
4.9320,-0.39522037
4.9340,-0.07393572
4.9360,-0.08883993
4.9380,0.04452198
4.9400,-0.29404235
4.9420,0.07627906
4.9440,0.06291577
4.9460,0.02223495
4.9480,-0.18951729
4.9500,-0.02226302
4.9520,-0.21281292
4.9540,-0.33736834
4.9560,-0.43926296
4.9580,-0.10196883
4.9600,0.09898259
4.9620,0.23766230
4.9640,0.17039733
4.9660,0.25653073
4.9680,0.03478429
4.9700,-0.17584454
4.9720,0.18471093
4.9740,0.01574137
4.9760,-0.16840500
4.9780,-0.02317133
4.9800,0.16904309
4.9820,0.18536381
4.9840,-0.00676702
4.9860,0.20447697
4.9880,0.00762406
4.9900,0.13975786
4.9920,-0.16962737
4.9940,0.00048938
4.9960,0.13322814
4.9980,-0.30213907
5.0000,0.04018334
5.0020,0.11298710
5.0040,0.09326302
5.0060,0.28549135
5.0080,0.12667364
5.0100,-0.15346442
5.0120,0.18820776
5.0140,0.16533361
5.0160,0.01783578
5.0180,-0.02953344
5.0200,0.15357675
5.0220,-0.27890685
5.0240,-0.41211674
5.0260,-0.34263355
5.0280,-0.21000522
5.0300,-0.22716881
5.0320,-0.28789076
5.0340,-0.27204970
5.0360,-0.50565237
5.0380,-0.20113143
5.0400,-0.13812587
5.0420,-0.04080139
5.0440,-0.03011823
5.0460,0.06382997
5.0480,0.17498155
5.0500,-0.04216556
5.0520,-0.00629512
5.0540,0.14960647
5.0560,-0.14515211
5.0580,0.05798152
5.0600,-0.10367004
5.0620,-0.00230024
5.0640,0.03421711
5.0660,-0.08974279
5.0680,0.10284132
5.0700,0.11504687
5.0720,0.00196300
5.0740,-0.18466903
5.0760,0.31020895
5.0780,0.01533557
5.0800,0.21216358
5.0820,0.22133894
5.0840,-0.07104348
5.0860,-0.13048214
5.0880,-0.11349282
5.0900,0.09031832
5.0920,-0.09693114
5.0940,-0.08502958
5.0960,0.27346534
5.0980,0.26018915
5.1000,0.04675561
5.1020,0.03854156
5.1040,0.20261802
5.1060,0.16117318
5.1080,0.09782043
5.1100,-0.08230937
5.1120,-0.24750283
5.1140,-0.20716472
5.1160,-0.33383915
5.1180,0.02250275
5.1200,-0.06643266
5.1220,-0.22530434
5.1240,-0.34261525
5.1260,-0.04558748
5.1280,-0.03670157
5.1300,-0.21536566
5.1320,0.04166545
5.1340,0.03436193
5.1360,-0.30832064
5.1380,-0.06856875
5.1400,-0.19853494
5.1420,-0.10994238
5.1440,-0.19242316
5.1460,-0.32771423
5.1480,0.02547560
5.1500,0.05200365
5.1520,-0.04390544
5.1540,0.13083163
5.1560,-0.16506401
5.1580,-0.17294116
5.1600,-0.05396587
5.1620,0.01649245
5.1640,0.44509649
5.1660,-0.26088870
5.1680,0.03474214
5.1700,0.11121876
5.1720,0.39687717
5.1740,-0.21473938
5.1760,0.11540249
5.1780,0.04829030
5.1800,0.00469811
5.1820,0.13396274
5.1840,0.06503201
5.1860,-0.05453902
5.1880,0.09273957
5.1900,0.02784383
5.1920,-0.15352824
5.1940,-0.29934362
5.1960,0.00274547
5.1980,0.17831233
5.2000,0.14221273
5.2020,-0.07800670
5.2040,-0.01561224
5.2060,-0.22835462
5.2080,0.26326030
5.2100,0.11283991
5.2120,-0.21515097
5.2140,-0.16136575
5.2160,0.01991135
5.2180,-0.02126714
5.2200,0.00524685
5.2220,0.09028167
5.2240,0.31946033
5.2260,-0.16362579
5.2280,0.13977537
5.2300,-0.38271353
5.2320,-0.01406945
5.2340,-0.03795219
5.2360,-0.05088359
5.2380,0.04797813
5.2400,0.00157407
5.2420,0.01589535
5.2440,-0.08744655
5.2460,0.05510502
5.2480,-0.17918168
5.2500,0.00782745
5.2520,-0.06643103
5.2540,-0.03255540
5.2560,-0.12484247
5.2580,0.20985757
5.2600,-0.05091213
5.2620,0.03616178
5.2640,0.01763723
5.2660,-0.12575759
5.2680,-0.05577905
5.2700,0.03785221
5.2720,0.20244566
5.2740,-0.06986250
5.2760,-0.16696155
5.2780,0.15159512
5.2800,0.11860982
5.2820,0.07752106
5.2840,0.09308846
5.2860,-0.19227152
5.2880,0.06057901
5.2900,0.02769213
5.2920,-0.16164206
5.2940,-0.02618388
5.2960,0.10428226
5.2980,-0.21661015
5.3000,0.09654202
5.3020,-0.10343172
5.3040,-0.11916728
5.3060,-0.24098743
5.3080,0.14303163
5.3100,0.15343104
5.3120,-0.05380137
5.3140,-0.04154995
5.3160,0.13045545
5.3180,0.08162676
5.3200,0.05629659
5.3220,-0.11116441
5.3240,0.14235514
5.3260,-0.14917348
5.3280,0.02684717
5.3300,-0.18996602
5.3320,-0.18116485
5.3340,0.11839525
5.3360,0.01024889
5.3380,0.07099301
5.3400,-0.05835952
5.3420,0.15547371
5.3440,-0.30331811
5.3460,0.08250074
5.3480,-0.09120014
5.3500,-0.09109002
5.3520,0.06677082
5.3540,0.16669019
5.3560,0.41813928
5.3580,0.39433655
5.3600,0.18030769
5.3620,0.12814988
5.3640,0.11662647
5.3660,0.12189655
5.3680,-0.13444072
5.3700,-0.01775544
5.3720,0.10169115
5.3740,-0.43796259
5.3760,-0.37248963
5.3780,-0.33305818
5.3800,-0.08102758
5.3820,-0.26803645
5.3840,-0.46214482
5.3860,-0.29344255
5.3880,-0.11858385
5.3900,0.09454335
5.3920,-0.01695770
5.3940,-0.05813882
5.3960,0.14359646
5.3980,0.12672931
5.4000,-0.17002235
5.4020,-0.58583313
5.4040,0.25917497
5.4060,-0.03299804
5.4080,0.16549085
5.4100,-0.09698816
5.4120,0.15293072
5.4140,0.51134884
5.4160,0.13908505
5.4180,0.37499839
5.4200,0.27827993
5.4220,0.17939892
5.4240,-0.05566792
5.4260,-0.14851069
5.4280,-0.27381426
5.4300,-0.00407098
5.4320,-0.24426027
5.4340,-0.09597261
5.4360,0.05200888
5.4380,0.12594950
5.4400,0.10349377
5.4420,-0.49202746
5.4440,0.26283735
5.4460,-0.24310930
5.4480,0.21972299
5.4500,0.09415717
5.4520,0.05385933
5.4540,0.02658619
5.4560,-0.29309410
5.4580,0.09885401
5.4600,0.19678642
5.4620,-0.17334574
5.4640,0.23651582
5.4660,0.16996175
5.4680,0.33795840
5.4700,0.14151022
5.4720,0.30209929
5.4740,0.18116523
5.4760,-0.05951097
5.4780,-0.27057809
5.4800,-0.05626524
5.4820,-0.02425676
5.4840,-0.25104114
5.4860,-0.14864433
5.4880,0.06874100
5.4900,-0.14113706
5.4920,-0.05003459
5.4940,-0.28052241
5.4960,-0.26407498
5.4980,0.07318416
5.5000,-0.17306213
5.5020,0.36360410
5.5040,-0.33100557
5.5060,0.15356070
5.5080,-0.01284603
5.5100,-0.19284588
5.5120,0.16262758
5.5140,-0.11949505
5.5160,-0.09909571
5.5180,0.15377277
5.5200,0.00082100
5.5220,0.12595066
5.5240,-0.13957195
5.5260,0.14213896
5.5280,0.12601730
5.5300,0.20586704
5.5320,0.05429484
5.5340,0.25695336
5.5360,0.07361551
5.5380,0.12563847
5.5400,0.17182748
5.5420,0.40020519
5.5440,-0.07011423
5.5460,0.02102412
5.5480,-0.09698778
5.5500,-0.26335719
5.5520,-0.05248777
5.5540,0.28333819
5.5560,-0.29944366
5.5580,0.01383041
5.5600,-0.10770330
5.5620,-0.03966807
5.5640,-0.10671505
5.5660,0.12380410
5.5680,0.09002347
5.5700,-0.31150141
5.5720,0.10888015
5.5740,0.02536355
5.5760,0.00143712
5.5780,-0.19898310
5.5800,-0.16347301
5.5820,-0.01164462
5.5840,-0.16832319
5.5860,0.14913912
5.5880,-0.03909126
5.5900,0.07870953
5.5920,0.03696153
5.5940,-0.12030483
5.5960,0.13003406
5.5980,0.00595363
5.6000,-0.19055477
5.6020,0.06374473
5.6040,0.14809108
5.6060,0.11965744
5.6080,-0.08051918
5.6100,0.00025870
5.6120,0.14290172
5.6140,0.24264200
5.6160,-0.06904376
5.6180,-0.20625338
5.6200,0.08332109
5.6220,-0.06702706
5.6240,0.01729966
5.6260,-0.01599224
5.6280,-0.01251428
5.6300,-0.09830415
5.6320,-0.19682576
5.6340,0.13859119
5.6360,-0.04203841
5.6380,-0.40744141
5.6400,-0.20723885
5.6420,0.03688913
5.6440,0.12529686
5.6460,0.16158190
5.6480,0.42857662
5.6500,0.20205137
5.6520,0.32785711
5.6540,-0.04425531
5.6560,0.26861930
5.6580,0.29023343
5.6600,0.43056732
5.6620,0.50178707
5.6640,0.05740450
5.6660,0.18016011
5.6680,-0.13013038
5.6700,0.13462138
5.6720,-0.18757695
5.6740,-0.04444183
5.6760,0.21964461
5.6780,0.10180701
5.6800,-0.13317294
5.6820,-0.06844752
5.6840,0.08122213
5.6860,-0.00110088
5.6880,0.24095835
5.6900,-0.22142898
5.6920,-0.19789739
5.6940,0.00128512
5.6960,0.07255775
5.6980,-0.01697267
5.7000,0.09597354
5.7020,-0.09591906
5.7040,-0.19556254
5.7060,0.01362246
5.7080,-0.04701001
5.7100,0.20748217
5.7120,-0.12268477
5.7140,0.01677615
5.7160,-0.16392711
5.7180,-0.23288037
5.7200,0.16510670
5.7220,-0.27421024
5.7240,-0.19159399
5.7260,0.03475580
5.7280,0.35196373
5.7300,0.19565582
5.7320,0.35229564
5.7340,0.36111313
5.7360,0.11907174
5.7380,-0.05350990
5.7400,-0.04828962
5.7420,-0.19336489
5.7440,-0.12643316
5.7460,0.02137438
5.7480,0.01181120
5.7500,-0.09335031
5.7520,-0.05358603
5.7540,0.04485768
5.7560,-0.16022988
5.7580,-0.08534067
5.7600,-0.06202876
5.7620,-0.23079395
5.7640,0.20921040
5.7660,-0.00755702
5.7680,-0.15526004
5.7700,-0.01013459
5.7720,0.19719212
5.7740,-0.26705456
5.7760,-0.08200134
5.7780,-0.10299069
5.7800,-0.32382828
5.7820,-0.07921508
5.7840,0.06806075
5.7860,0.11715233
5.7880,-0.09619603
5.7900,0.11408982
5.7920,-0.28108856
5.7940,0.08348837
5.7960,0.02625138
5.7980,0.37249380
5.8000,-0.04970080
5.8020,-0.19688301
5.8040,-0.03611068
5.8060,-0.14356959
5.8080,-0.03394336
5.8100,0.25706473
5.8120,-0.04738797
5.8140,-0.15798894
5.8160,0.27229422
5.8180,0.02319710
5.8200,-0.16989982
5.8220,-0.13355751
5.8240,-0.19473310
5.8260,-0.21403553
5.8280,-0.32645664
5.8300,-0.26656547
5.8320,-0.07887691
5.8340,-0.06815248
5.8360,-0.07407068
5.8380,-0.37805307
5.8400,-0.21573666
5.8420,0.01922151
5.8440,0.09132112
5.8460,-0.01513844
5.8480,0.12192024
5.8500,-0.01685342
5.8520,0.05875073
5.8540,-0.22086541
5.8560,0.10212579
5.8580,0.02982949
5.8600,0.08134720
5.8620,-0.11118264
5.8640,-0.13800594
5.8660,0.10051592
5.8680,0.05901203
5.8700,0.23146182
5.8720,0.18515979
5.8740,0.01623388
5.8760,0.00250067
5.8780,0.04356987
5.8800,-0.09136804
5.8820,0.09492505
5.8840,0.30694944
5.8860,0.03893406
5.8880,-0.04267934
5.8900,0.18998456
5.8920,0.08643650
5.8940,-0.02975515
5.8960,-0.30400011
5.8980,0.00976472
5.9000,-0.00012703
5.9020,-0.02098063
5.9040,0.16719121
5.9060,-0.07421160
5.9080,0.00652942
5.9100,0.00273043
5.9120,-0.08171909
5.9140,-0.02248869
5.9160,-0.07620883
5.9180,0.02313711
5.9200,0.15216289
5.9220,-0.10311791
5.9240,-0.08814459
5.9260,-0.01576723
5.9280,0.06611167
5.9300,0.06596622
5.9320,-0.16454266
5.9340,0.03989365
5.9360,0.30327067
5.9380,-0.16282949
5.9400,-0.15926357
5.9420,0.04495256
5.9440,0.22102189
5.9460,-0.19992767
5.9480,0.09545068
5.9500,0.08980571
5.9520,-0.37750781
5.9540,0.17080157
5.9560,-0.30992591
5.9580,-0.12751874
5.9600,0.27992806
5.9620,0.03133100
5.9640,-0.18398821
5.9660,0.08513857
5.9680,0.06830027
5.9700,-0.07890859
5.9720,-0.00533425
5.9740,0.03309337
5.9760,0.14278597
5.9780,-0.15854372
5.9800,-0.28649750
5.9820,0.19709954
5.9840,-0.06064111
5.9860,-0.22584221
5.9880,0.05211923
5.9900,0.25988674
5.9920,0.17602041
5.9940,-0.01556987
5.9960,0.11881784
5.9980,-0.11912692
6.0000,-0.23120438
6.0020,0.16852728
6.0040,-0.23590456
6.0060,0.22088253
6.0080,0.01363906
6.0100,-0.04619946
6.0120,-0.28854424
6.0140,0.21958399
6.0160,-0.19177473
6.0180,-0.14015135
6.0200,-0.07393863
6.0220,-0.12138554
6.0240,0.16453630
6.0260,-0.07799350
6.0280,-0.00233503
6.0300,0.04591119
6.0320,-0.22741753
6.0340,0.01164731
6.0360,0.25288779
6.0380,-0.03142237
6.0400,0.36154711
6.0420,0.00405705
6.0440,-0.09380300
6.0460,-0.15711118
6.0480,-0.23546003
6.0500,0.15345944
6.0520,-0.02319455
6.0540,-0.13724911
6.0560,0.31777889
6.0580,0.19933903
6.0600,0.02532893
6.0620,0.21879488
6.0640,0.07298087
6.0660,0.09114409
6.0680,0.33363342
6.0700,0.42752698
6.0720,0.73729384
6.0740,0.07108618
6.0760,0.20352788
6.0780,-0.16987461
6.0800,0.30898750
6.0820,0.01768604
6.0840,0.13784744
6.0860,-0.01829954
6.0880,-0.07278100
6.0900,-0.06026539
6.0920,-0.20007996
6.0940,-0.25712243
6.0960,-0.04839494
6.0980,-0.23596638
6.1000,0.22908744
6.1020,-0.15336205
6.1040,-0.15283981
6.1060,-0.07269710
6.1080,-0.01306362
6.1100,-0.35202178
6.1120,0.00515527
6.1140,-0.25957519
6.1160,-0.04346939
6.1180,0.25571832
6.1200,-0.04659638
6.1220,-0.27861553
6.1240,0.06480037
6.1260,-0.04498999
6.1280,-0.03227933
6.1300,0.22141612
6.1320,0.13173409
6.1340,0.22076753
6.1360,0.22471054
6.1380,0.11287718
6.1400,0.27646297
6.1420,0.49204460
6.1440,0.13887484
6.1460,-0.08289053
6.1480,0.18195143
6.1500,-0.14909242
6.1520,-0.10565659
6.1540,-0.35817534
6.1560,-0.05902788
6.1580,-0.00634184
6.1600,0.00794502
6.1620,-0.05971446
6.1640,0.18252413
6.1660,0.04907152
6.1680,-0.01389438
6.1700,-0.06262606
6.1720,-0.07545038
6.1740,-0.03473058
6.1760,-0.15242580
6.1780,0.05402012
6.1800,-0.12833771
6.1820,0.14821649
6.1840,0.13373365
6.1860,0.08614851
6.1880,0.08096863
6.1900,0.10912482
6.1920,-0.02396753
6.1940,0.06749585
6.1960,-0.03497262
6.1980,-0.02308736
6.2000,-0.30524933
6.2020,0.07442556
6.2040,-0.23425895
6.2060,-0.13984261
6.2080,-0.34703180
6.2100,-0.16462499
6.2120,0.15535334
6.2140,-0.18367521
6.2160,-0.09232106
6.2180,-0.02974156
6.2200,-0.11493781
6.2220,-0.03921720
6.2240,-0.08553196
6.2260,-0.08017023
6.2280,-0.12710313
6.2300,0.43561155
6.2320,-0.15529183
6.2340,0.05201077
6.2360,-0.01356709
6.2380,0.07614909
6.2400,-0.06427399
6.2420,0.08810164
6.2440,0.41030505
6.2460,-0.00621185
6.2480,-0.01064411
6.2500,0.23872490
6.2520,0.10897678
6.2540,0.17697859
6.2560,-0.18987086
6.2580,0.40726647
6.2600,0.36799467
6.2620,-0.01663631
6.2640,-0.20302370
6.2660,-0.26479596
6.2680,-0.19050732
6.2700,-0.20606983
6.2720,-0.26699576
6.2740,-0.33913898
6.2760,-0.24942693
6.2780,-0.05759382
6.2800,-0.18576990
6.2820,-0.21277617
6.2840,0.28850818
6.2860,-0.16901076
6.2880,0.15057695
6.2900,0.01754269
6.2920,0.00372380
6.2940,-0.05253575
6.2960,0.14656392
6.2980,-0.03764091
6.3000,0.06208223
6.3020,-0.05308375
6.3040,-0.10162916
6.3060,0.01990865
6.3080,0.00400846
6.3100,0.02839548
6.3120,0.26565546
6.3140,0.14037618
6.3160,0.04867645
6.3180,0.08981131
6.3200,-0.30864137
6.3220,-0.08833954
6.3240,0.10165958
6.3260,-0.11003296
6.3280,0.05904993
6.3300,0.12522368
6.3320,-0.09790180
6.3340,0.02000327
6.3360,-0.11906216
6.3380,0.03340289
6.3400,0.00892318
6.3420,0.20922956
6.3440,-0.14951378
6.3460,0.10195198
6.3480,-0.11958179
6.3500,-0.10631346
6.3520,0.08244496
6.3540,-0.05909775
6.3560,0.09886754
6.3580,0.31335062
6.3600,-0.10414436
6.3620,0.15610750
6.3640,-0.24799459
6.3660,0.03708494
6.3680,0.13874340
6.3700,-0.29952201
6.3720,-0.06789758
6.3740,-0.03904385
6.3760,-0.04302054
6.3780,0.02926964
6.3800,0.03953172
6.3820,-0.03233606
6.3840,0.02438312
6.3860,-0.00364387
6.3880,0.05517778
6.3900,-0.27138799
6.3920,-0.09023875
6.3940,-0.04471096
6.3960,0.12798138
6.3980,-0.02435461
6.4000,-0.05722351
6.4020,0.23289835
6.4040,0.20483965
6.4060,-0.07027273
6.4080,-0.06893769
6.4100,-0.42013344
6.4120,0.02728260
6.4140,0.16748378
6.4160,0.07730740
6.4180,0.06042394
6.4200,0.05767052
6.4220,0.07111033
6.4240,0.04224981
6.4260,0.06934018
6.4280,-0.10794438
6.4300,0.01045463
6.4320,0.05034850
6.4340,0.01121245
6.4360,-0.04858728
6.4380,0.38156426
6.4400,-0.14334893
6.4420,-0.06775101
6.4440,-0.04525844
6.4460,-0.05118821
6.4480,-0.09882034
6.4500,0.16954263
6.4520,-0.14312023
6.4540,-0.29377592
6.4560,-0.01975976
6.4580,-0.09555934
6.4600,-0.03497874
6.4620,0.13272105
6.4640,0.05591423
6.4660,0.10778488
6.4680,-0.11298309
6.4700,-0.08977880
6.4720,0.09601016
6.4740,-0.16070823
6.4760,-0.10112572
6.4780,0.20710674
6.4800,-0.15986788
6.4820,-0.11823306
6.4840,0.12931429
6.4860,-0.09724534
6.4880,-0.07522872
6.4900,-0.13160144
6.4920,0.18059441
6.4940,0.33644769
6.4960,0.05113929
6.4980,0.09255808
6.5000,0.33936396
6.5020,0.11295532
6.5040,-0.14132652
6.5060,-0.00162600
6.5080,0.22396958
6.5100,0.05266343
6.5120,-0.04486472
6.5140,0.02961536
6.5160,0.18525288
6.5180,-0.04574020
6.5200,0.22793652
6.5220,0.24482125
6.5240,0.23190829
6.5260,0.20378254
6.5280,0.22201122
6.5300,-0.03084853
6.5320,-0.08291297
6.5340,0.13335752
6.5360,-0.26836529
6.5380,0.02989894
6.5400,0.15996367
6.5420,0.35228002
6.5440,-0.05122593
6.5460,0.02991234
6.5480,-0.01864129
6.5500,-0.03299249
6.5520,0.25863954
6.5540,-0.04456566
6.5560,0.08008257
6.5580,0.00997262
6.5600,0.16704325
6.5620,0.13560626
6.5640,0.09888622
6.5660,0.30303583
6.5680,0.49773708
6.5700,-0.04478038
6.5720,0.18425240
6.5740,-0.25048679
6.5760,0.09946886
6.5780,0.28390256
6.5800,0.26753145
6.5820,0.08339956
6.5840,-0.08603850
6.5860,0.09335729
6.5880,-0.12637764
6.5900,-0.31586447
6.5920,-0.07458070
6.5940,-0.21089086
6.5960,-0.09938305
6.5980,-0.18486629
6.6000,-0.18476340
6.6020,-0.15610942
6.6040,-0.30453461
6.6060,-0.18705685
6.6080,-0.25865722
6.6100,0.03130743
6.6120,-0.15011860
6.6140,-0.30654472
6.6160,0.08352885
6.6180,-0.19493490
6.6200,-0.00116290
6.6220,0.22937042
6.6240,-0.11039852
6.6260,-0.21301699
6.6280,0.10678539
6.6300,0.16656768
6.6320,0.06823371
6.6340,-0.00892547
6.6360,-0.11763788
6.6380,-0.03838671
6.6400,-0.07373659
6.6420,-0.23190424
6.6440,0.01390420
6.6460,-0.10148083
6.6480,0.23186158
6.6500,0.07170641
6.6520,0.12652239
6.6540,0.13952778
6.6560,0.12395177
6.6580,-0.04951898
6.6600,-0.05569583
6.6620,0.13250330
6.6640,0.02749283
6.6660,0.39029893
6.6680,0.27191517
6.6700,0.15445644
6.6720,0.01380946
6.6740,-0.20809488
6.6760,0.11718480
6.6780,-0.19799493
6.6800,-0.07203344
6.6820,0.25255144
6.6840,-0.13158022
6.6860,-0.06799869
6.6880,0.06036296
6.6900,-0.02346426
6.6920,-0.20234458
6.6940,-0.06740021
6.6960,-0.00963779
6.6980,0.13420674
6.7000,-0.11371636
6.7020,-0.20113406
6.7040,-0.01144961
6.7060,0.15995191
6.7080,-0.12943676
6.7100,0.08878370
6.7120,0.01382298
6.7140,-0.01550487
6.7160,0.01446421
6.7180,0.00005817
6.7200,0.23027118
6.7220,-0.02230572
6.7240,-0.12070853
6.7260,0.03637129
6.7280,-0.16815798
6.7300,0.32304341
6.7320,-0.15404588
6.7340,-0.11201908
6.7360,0.33313891
6.7380,0.12165686
6.7400,0.07980996
6.7420,-0.13407160
6.7440,-0.05657654
6.7460,0.23620990
6.7480,-0.00264453
6.7500,0.17363842
6.7520,-0.02963651
6.7540,0.36887807
6.7560,0.13645576
6.7580,0.17516488
6.7600,0.18920989
6.7620,0.02244820
6.7640,0.03082347
6.7660,0.18427007
6.7680,-0.12614842
6.7700,-0.10930117
6.7720,0.18705034
6.7740,0.26174304
6.7760,0.10258082
6.7780,-0.09973310
6.7800,-0.13637279
6.7820,0.17125501
6.7840,-0.08031959
6.7860,0.00706242
6.7880,0.16770704
6.7900,-0.24300885
6.7920,-0.18324137
6.7940,-0.12148514
6.7960,-0.31854096
6.7980,-0.50587708
6.8000,-0.01237824
6.8020,0.19725129
6.8040,0.10962187
6.8060,0.31600845
6.8080,0.36893517
6.8100,0.49343744
6.8120,0.50443929
6.8140,0.34471503
6.8160,0.12904789
6.8180,0.49322930
6.8200,0.44422618
6.8220,-0.39385626
6.8240,-0.15581897
6.8260,-0.28650624
6.8280,-0.14326410
6.8300,0.03213867
6.8320,0.06432744
6.8340,-0.25395352
6.8360,-0.32249659
6.8380,-0.81444383
6.8400,-0.19700819
6.8420,0.03813783
6.8440,-0.21535267
6.8460,-0.14768854
6.8480,-0.14802277
6.8500,-0.04145470
6.8520,-0.16982158
6.8540,0.00929394
6.8560,0.22358198
6.8580,-0.06114607
6.8600,-0.02974731
6.8620,0.11076913
6.8640,-0.15529811
6.8660,0.00908739
6.8680,-0.09010073
6.8700,-0.12194254
6.8720,0.34508514
6.8740,-0.14813375
6.8760,0.10293985
6.8780,-0.06930290
6.8800,-0.02504164
6.8820,0.05115376
6.8840,-0.06475732
6.8860,-0.10078627
6.8880,0.12716256
6.8900,0.15001871
6.8920,0.01848655
6.8940,0.17652783
6.8960,-0.07395785
6.8980,0.00508613
6.9000,-0.20453505
6.9020,0.45216390
6.9040,-0.11155847
6.9060,0.07587656
6.9080,-0.10632940
6.9100,0.11353727
6.9120,-0.20083083
6.9140,0.03609315
6.9160,0.07357734
6.9180,0.05775636
6.9200,-0.13221201
6.9220,-0.07455279
6.9240,0.22125381
6.9260,-0.15457080
6.9280,0.13961422
6.9300,0.03680569
6.9320,-0.04724117
6.9340,0.09436087
6.9360,-0.07276835
6.9380,0.05104030
6.9400,-0.16534163
6.9420,0.00419329
6.9440,-0.04298009
6.9460,-0.06436443
6.9480,-0.05403646
6.9500,0.16111019
6.9520,-0.01612429
6.9540,-0.27269262
6.9560,-0.05946898
6.9580,0.21832970
6.9600,0.07417758
6.9620,-0.20998511
6.9640,0.00595662
6.9660,0.18850298
6.9680,-0.08421645
6.9700,-0.30709198
6.9720,-0.06803223
6.9740,0.11878288
6.9760,-0.11008781
6.9780,0.03705645
6.9800,0.08536873
6.9820,0.03532108
6.9840,-0.04805277
6.9860,0.16429940
6.9880,0.05705896
6.9900,-0.13507226
6.9920,0.08766579
6.9940,0.06826808
6.9960,0.22790024
6.9980,-0.30490944
7.0000,0.21510157
7.0020,0.43553010
7.0040,0.08538505
7.0060,0.07476502
7.0080,0.33359122
7.0100,-0.00801855
7.0120,0.22281347
7.0140,0.04034002
7.0160,-0.24110939
7.0180,0.03856494
7.0200,0.28344917
7.0220,0.11654703
7.0240,0.01518516
7.0260,0.23936126
7.0280,-0.05068317
7.0300,-0.08833212
7.0320,0.06255036
7.0340,0.15796262
7.0360,-0.03962433
7.0380,-0.16419539
7.0400,0.10226008
7.0420,0.11726465
7.0440,-0.10320293
7.0460,0.23130119
7.0480,0.18630025
7.0500,-0.02958152
7.0520,-0.01666032
7.0540,-0.17841212
7.0560,-0.27431688
7.0580,0.30105504
7.0600,-0.03671077
7.0620,0.20307148
7.0640,-0.19228570
7.0660,0.05699203
7.0680,0.18872069
7.0700,-0.06541748
7.0720,-0.10297803
7.0740,-0.09810583
7.0760,-0.13117161
7.0780,0.00624796
7.0800,-0.08332312
7.0820,0.08520280
7.0840,0.03235609
7.0860,0.17638361
7.0880,-0.04743506
7.0900,-0.29696703
7.0920,-0.01498348
7.0940,0.02202766
7.0960,0.34612787
7.0980,-0.30160165
7.1000,0.08407240
7.1020,-0.18619724
7.1040,-0.00378390
7.1060,0.03907424
7.1080,0.02937918
7.1100,-0.03702872
7.1120,0.06917801
7.1140,-0.05289837
7.1160,-0.01678802
7.1180,-0.05368788
7.1200,-0.11301691
7.1220,0.14785710
7.1240,-0.02701119
7.1260,0.01629240
7.1280,-0.11661348
7.1300,0.17643690
7.1320,0.08646338
7.1340,-0.31025884
7.1360,0.28079537
7.1380,0.00382949
7.1400,0.05924181
7.1420,0.01662825
7.1440,-0.10946987
7.1460,0.17251243
7.1480,-0.08689512
7.1500,0.06600628
7.1520,0.16430742
7.1540,-0.21956344
7.1560,0.07941869
7.1580,-0.14095451
7.1600,0.16884138
7.1620,-0.04115403
7.1640,0.32705960
7.1660,0.10084192
7.1680,-0.06768289
7.1700,-0.03835153
7.1720,0.03266476
7.1740,0.03299264
7.1760,0.09446932
7.1780,0.15980282
7.1800,0.23733525
7.1820,-0.08702430
7.1840,-0.09248239
7.1860,-0.09342622
7.1880,-0.06743929
7.1900,0.40945154
7.1920,0.35416785
7.1940,0.05299742
7.1960,-0.14954165
7.1980,0.10319763
7.2000,0.02128516
7.2020,0.00214283
7.2040,0.09697589
7.2060,0.16240114
7.2080,0.02009082
7.2100,-0.36489537
7.2120,-0.10550763
7.2140,0.04522425
7.2160,-0.37582120
7.2180,-0.40921885
7.2200,-0.23927382
7.2220,0.22671990
7.2240,-0.02426971
7.2260,0.35584176
7.2280,0.22706410
7.2300,0.30634606
7.2320,0.40117928
7.2340,0.25558847
7.2360,0.35151598
7.2380,0.39788643
7.2400,0.15110369
7.2420,0.13977495
7.2440,0.25636452
7.2460,-0.00909774
7.2480,-0.26157472
7.2500,-0.33096910
7.2520,-0.34162655
7.2540,-0.04258359
7.2560,0.18323252
7.2580,0.08270854
7.2600,0.01894605
7.2620,-0.06011092
7.2640,0.32402292
7.2660,-0.02529464
7.2680,0.31738296
7.2700,0.12483326
7.2720,0.00188348
7.2740,0.01808289
7.2760,0.12874250
7.2780,-0.07417481
7.2800,-0.00957382
7.2820,0.03068579
7.2840,-0.32868466
7.2860,-0.37495178
7.2880,0.24083462
7.2900,-0.02295200
7.2920,-0.11523616
7.2940,-0.06374435
7.2960,-0.06359053
7.2980,-0.12574537
7.3000,-0.10175744
7.3020,0.04364426
7.3040,0.25961924
7.3060,-0.36854038
7.3080,0.01382426
7.3100,-0.03008736
7.3120,-0.04872087
7.3140,0.22040860
7.3160,-0.01552390
7.3180,0.16654085
7.3200,0.01565033
7.3220,-0.09724355
7.3240,-0.16787378
7.3260,-0.19939461
7.3280,0.31650811
7.3300,-0.00555214
7.3320,-0.10978030
7.3340,0.34536201
7.3360,0.18354379
7.3380,-0.22011521
7.3400,-0.07693731
7.3420,-0.27315760
7.3440,0.29626495
7.3460,0.30046141
7.3480,0.21574365
7.3500,0.02128604
7.3520,-0.07666291
7.3540,0.25863126
7.3560,0.29378057
7.3580,0.20621884
7.3600,0.18424891
7.3620,0.22754845
7.3640,0.12433214
7.3660,0.16056803
7.3680,0.16331495
7.3700,0.10624691
7.3720,0.06695595
7.3740,-0.21863459
7.3760,-0.12161798
7.3780,0.11596300
7.3800,0.15056175
7.3820,-0.40835139
7.3840,-0.07659037
7.3860,0.19569796
7.3880,-0.30824631
7.3900,-0.10407321
7.3920,-0.04470611
7.3940,0.10460481
7.3960,-0.09224553
7.3980,-0.06095865
7.4000,0.07488532
7.4020,-0.03988070
7.4040,0.16085169
7.4060,-0.10820087
7.4080,-0.02769745
7.4100,-0.03281989
7.4120,0.07034416
7.4140,0.17895946
7.4160,0.09764980
7.4180,0.25422964
7.4200,0.08566453
7.4220,0.39563808
7.4240,0.14099565
7.4260,-0.03056868
7.4280,0.06872208
7.4300,0.06965077
7.4320,0.08967187
7.4340,-0.13678814
7.4360,-0.26640990
7.4380,-0.04221349
7.4400,0.20541085
7.4420,0.01197336
7.4440,-0.07051297
7.4460,0.13527106
7.4480,-0.00630385
7.4500,0.04425004
7.4520,-0.25053883
7.4540,0.22846322
7.4560,0.14195067
7.4580,-0.32718825
7.4600,0.06371394
7.4620,0.02040502
7.4640,0.12641074
7.4660,-0.18763557
7.4680,0.01291015
7.4700,-0.00618614
7.4720,0.16250560
7.4740,0.08163784
7.4760,0.12541816
7.4780,-0.11335417
7.4800,0.09524145
7.4820,-0.10604733
7.4840,0.00058807
7.4860,-0.08001436
7.4880,0.01562693
7.4900,0.15055165
7.4920,-0.05391650
7.4940,0.11246018
7.4960,0.01744189
7.4980,-0.21139058
7.5000,0.04228403
7.5020,0.16741963
7.5040,-0.25298381
7.5060,-0.11742420
7.5080,-0.07476883
7.5100,0.10303172
7.5120,-0.27507722
7.5140,-0.05911313
7.5160,-0.04365722
7.5180,0.02129217
7.5200,0.04397364
7.5220,-0.10196912
7.5240,0.06420776
7.5260,0.13574691
7.5280,-0.15198942
7.5300,-0.09707511
7.5320,-0.01364478
7.5340,0.07581940
7.5360,0.03367668
7.5380,0.02367247
7.5400,-0.10044342
7.5420,-0.00467133
7.5440,-0.02570112
7.5460,-0.58534062
7.5480,0.48147324
7.5500,0.01579991
7.5520,0.47579432
7.5540,0.18033028
7.5560,-0.34743133
7.5580,0.03980099
7.5600,0.07973607
7.5620,0.12472431
7.5640,0.19442007
7.5660,0.15338466
7.5680,-0.44922253
7.5700,-0.04885371
7.5720,-0.41649330
7.5740,-0.29228246
7.5760,-0.14257462
7.5780,-0.25568068
7.5800,0.16595040
7.5820,0.09832368
7.5840,0.33131623
7.5860,0.24418610
7.5880,0.08313712
7.5900,0.23194818
7.5920,0.04442447
7.5940,-0.11465954
7.5960,-0.09754758
7.5980,-0.10570157
7.6000,0.35334301
7.6020,0.09172860
7.6040,-0.14372298
7.6060,0.06683124
7.6080,0.28716457
7.6100,0.20201358
7.6120,-0.03980266
7.6140,0.37409055
7.6160,0.03807661
7.6180,0.03345259
7.6200,-0.14616460
7.6220,-0.08893636
7.6240,0.01620992
7.6260,-0.27284482
7.6280,-0.13941450
7.6300,0.14958461
7.6320,-0.09626764
7.6340,0.09261858
7.6360,0.00977480
7.6380,-0.13563783
7.6400,-0.00003303
7.6420,-0.11609201
7.6440,-0.28446388
7.6460,-0.15256153
7.6480,0.23402917
7.6500,0.00267122
7.6520,-0.18551897
7.6540,-0.01060069
7.6560,-0.10050140
7.6580,0.02955817
7.6600,-0.13874128
7.6620,0.30116799
7.6640,0.35073420
7.6660,0.26776385
7.6680,0.18678485
7.6700,0.18163963
7.6720,-0.03077773
7.6740,0.37949637
7.6760,0.10884652
7.6780,0.02044125
7.6800,-0.10263194
7.6820,0.09342658
7.6840,-0.10494483
7.6860,-0.15186426
7.6880,0.04559584
7.6900,-0.17835306
7.6920,-0.00462675
7.6940,0.08537679
7.6960,0.24346149
7.6980,-0.02110984
7.7000,0.00588200
7.7020,-0.23618665
7.7040,-0.02073925
7.7060,-0.07261079
7.7080,-0.06599859
7.7100,-0.02325120
7.7120,0.20412850
7.7140,-0.17331892
7.7160,-0.00789201
7.7180,-0.01055893
7.7200,-0.00296474
7.7220,0.00813468
7.7240,0.08251102
7.7260,0.10227858
7.7280,0.22750589
7.7300,-0.01797113
7.7320,-0.04748515
7.7340,-0.05306577
7.7360,-0.26146510
7.7380,-0.37758380
7.7400,-0.23053743
7.7420,-0.22628067
7.7440,0.36507076
7.7460,-0.45482787
7.7480,-0.34328184
7.7500,0.09019473
7.7520,-0.02614916
7.7540,0.18011233
7.7560,-0.18184051
7.7580,-0.08567446
7.7600,-0.11075426
7.7620,-0.10293251
7.7640,0.01341693
7.7660,0.18752097
7.7680,-0.12927152
7.7700,0.35171089
7.7720,0.15044618
7.7740,-0.14212438
7.7760,0.03286041
7.7780,-0.00340118
7.7800,-0.16233407
7.7820,0.29665592
7.7840,0.14145759
7.7860,0.53338724
7.7880,-0.00170339
7.7900,-0.11711673
7.7920,-0.12530915
7.7940,-0.13317966
7.7960,-0.08498722
7.7980,-0.09248091
7.8000,-0.09339266
7.8020,-0.21372090
7.8040,0.05888440
7.8060,0.04310808
7.8080,-0.23535836
7.8100,-0.15970266
7.8120,0.04201958
7.8140,-0.17776877
7.8160,-0.12611246
7.8180,-0.03528795
7.8200,0.07090397
7.8220,0.11244437
7.8240,-0.06016847
7.8260,-0.18261901
7.8280,-0.09816295
7.8300,-0.04608601
7.8320,-0.02837140
7.8340,0.05486895
7.8360,-0.04397405
7.8380,0.03417488
7.8400,0.04446777
7.8420,-0.06901706
7.8440,-0.02909417
7.8460,0.02156464
7.8480,-0.00897862
7.8500,0.01100773
7.8520,-0.05374283
7.8540,0.33235279
7.8560,0.35125878
7.8580,-0.21266842
7.8600,0.39000300
7.8620,0.08010601
7.8640,0.04987613
7.8660,0.04275551
7.8680,-0.08879852
7.8700,-0.49648708
7.8720,0.14164267
7.8740,0.03640294
7.8760,0.29795504
7.8780,0.07448301
7.8800,-0.19122222
7.8820,-0.24839291
7.8840,0.00997017
7.8860,-0.11060429
7.8880,-0.17892256
7.8900,-0.25813463
7.8920,-0.19222552
7.8940,0.01487105
7.8960,-0.05092662
7.8980,0.28671500
7.9000,0.00632226
7.9020,0.00559122
7.9040,0.06276529
7.9060,-0.25048196
7.9080,0.27221158
7.9100,-0.04943008
7.9120,0.14275905
7.9140,-0.27784199
7.9160,0.24077074
7.9180,0.11926107
7.9200,-0.13104367
7.9220,-0.05986430
7.9240,-0.08738292
7.9260,0.12522098
7.9280,0.12773813
7.9300,-0.06379498
7.9320,0.13442229
7.9340,0.14035761
7.9360,-0.09650036
7.9380,-0.19844636
7.9400,-0.09911810
7.9420,0.15010665
7.9440,-0.38463041
7.9460,0.00611895
7.9480,-0.08854938
7.9500,-0.38798434
7.9520,-0.32196131
7.9540,-0.11104353
7.9560,-0.56272185
7.9580,0.22265226
7.9600,-0.05741424
7.9620,0.21517543
7.9640,0.62537926
7.9660,0.27266368
7.9680,0.02787574
7.9700,0.19368164
7.9720,0.42685115
7.9740,-0.15995505
7.9760,-0.22082011
7.9780,-0.38047650
7.9800,-0.29103506
7.9820,-0.22378320
7.9840,-0.03951418
7.9860,-0.20241751
7.9880,-0.02161584
7.9900,-0.32203096
7.9920,0.03641304
7.9940,-0.17249717
7.9960,-0.17753018
7.9980,0.02024493
8.0000,0.37446934
8.0020,0.14777064
8.0040,0.22652149
8.0060,-0.19832945
8.0080,0.03456983
8.0100,-0.36028984
8.0120,-0.12730032
8.0140,-0.18153322
8.0160,-0.27391484
8.0180,-0.13476096
8.0200,-0.14485623
8.0220,-0.02998816
8.0240,-0.02214778
8.0260,-0.00313315
8.0280,-0.26220134
8.0300,-0.11401995
8.0320,-0.16902709
8.0340,0.30134907
8.0360,0.04451495
8.0380,-0.06576879
8.0400,-0.07349429
8.0420,-0.00074924
8.0440,0.11467107
8.0460,-0.05690680
8.0480,-0.20852020
8.0500,-0.27008453
8.0520,0.38288540
8.0540,0.00816345
8.0560,-0.15262714
8.0580,0.15606123
8.0600,-0.10515644
8.0620,0.23434904
8.0640,0.00543840
8.0660,-0.00236803
8.0680,-0.17030951
8.0700,0.13264193
8.0720,-0.03483680
8.0740,0.00340201
8.0760,0.03772661
8.0780,-0.30797860
8.0800,0.04916001
8.0820,0.15262584
8.0840,-0.07382741
8.0860,-0.10895208
8.0880,-0.02011624
8.0900,-0.29205674
8.0920,-0.11819107
8.0940,-0.15539142
8.0960,-0.08390218
8.0980,0.19697519
8.1000,0.28393033
8.1020,0.02700009
8.1040,-0.06995535
8.1060,-0.12365372
8.1080,-0.14613807
8.1100,-0.09066419
8.1120,0.03014867
8.1140,-0.06469999
8.1160,0.14313695
8.1180,0.10526361
8.1200,0.26993138
8.1220,0.30255124
8.1240,0.43386298
8.1260,0.09166376
8.1280,0.31283414
8.1300,0.11546280
8.1320,-0.00486096
8.1340,0.36801618
8.1360,0.02028316
8.1380,-0.12833755
8.1400,-0.22502074
8.1420,0.01892837
8.1440,0.00168268
8.1460,-0.14315881
8.1480,0.10890128
8.1500,-0.17228894
8.1520,-0.21720719
8.1540,-0.18786854
8.1560,-0.05851130
8.1580,-0.14902471
8.1600,-0.01192079
8.1620,0.11560240
8.1640,-0.35902929
8.1660,0.02866781
8.1680,0.00204585
8.1700,0.03158186
8.1720,-0.35237399
8.1740,-0.10479495
8.1760,0.21920133
8.1780,0.01308521
8.1800,0.13892114
8.1820,-0.00597536
8.1840,-0.36307913
8.1860,-0.19568123
8.1880,-0.32835317
8.1900,0.36120927
